CustomerID,BirthDate,Age,Gender,ZIP,SocioEconomicIndex,PD_Rating,CreditProductCode,IsBankCard,CardStatus,DebtHistory_1_Date,DebtHistory_1_Amount,DebtHistory_1_ReturnReason,DebtHistory_1_CollectionChannel,DebtHistory_1_CollectionChannelCode,DebtHistory_1_CollectionDays,DebtHistory_2_Date,DebtHistory_2_Amount,DebtHistory_2_ReturnReason,DebtHistory_2_CollectionChannel,DebtHistory_2_CollectionChannelCode,DebtHistory_2_CollectionDays,DebtHistory_3_Date,DebtHistory_3_Amount,DebtHistory_3_ReturnReason,DebtHistory_3_CollectionChannel,DebtHistory_3_CollectionChannelCode,DebtHistory_3_CollectionDays,DebtHistory_4_Date,DebtHistory_4_Amount,DebtHistory_4_ReturnReason,DebtHistory_4_CollectionChannel,DebtHistory_4_CollectionChannelCode,DebtHistory_4_CollectionDays,DebtHistory_5_Date,DebtHistory_5_Amount,DebtHistory_5_ReturnReason,DebtHistory_5_CollectionChannel,DebtHistory_5_CollectionChannelCode,DebtHistory_5_CollectionDays,Alert_1_Code,Alert_1_Date,Alert_2_Code,Alert_2_Date,Alert_3_Code,Alert_3_Date,Alert_4_Code,Alert_4_Date,Alert_5_Code,Alert_5_Date
300000,23/09/1992,33,Other,43867,9,High,1,0,Expired,26/03/2015,4967.66,CardExpired,CallCenter,1,47,10/05/2015,699.6,CardExpired,Branch,1,53,24/06/2015,5987.62,TechnicalError,CallCenter,3,64,,,,,,,,,,,,,,,,,,,,,108,14/10/2024
300001,27/09/1986,40,Female,46425,4,Low,1,1,Expired,31/01/2017,9483.5,InsufficientFunds,CallCenter,2,62,17/03/2017,2248.93,CardExpired,App,2,147,01/05/2017,8888.62,TechnicalError,CallCenter,2,17,15/06/2017,4288.92,CardExpired,App,1,169,,,,,,,137,09/12/2025,130,11/01/2026,,,120,03/08/2025,,
300002,09/01/1980,45,Other,70661,5,High,1,1,Active,29/04/2017,8044.35,TechnicalError,Branch,1,120,13/06/2017,6631.74,TechnicalError,Branch,2,178,28/07/2017,1382.84,CardExpired,CallCenter,2,9,11/09/2017,1110.4,InsufficientFunds,App,2,60,,,,,,,,,,,117,30/10/2024,180,14/11/2024,122,20/08/2025
300003,06/09/1990,35,Female,26804,3,Low,3,1,Expired,08/05/2018,8458.88,InsufficientFunds,Branch,2,45,22/06/2018,2359.58,CardExpired,CallCenter,1,63,06/08/2018,8707.95,CardExpired,App,2,37,,,,,,,,,,,,,118,02/07/2024,164,09/01/2025,,,,,,
300004,27/05/1980,46,Male,49334,9,Medium,3,0,Expired,07/07/2020,8737.62,InsufficientFunds,Branch,2,2,21/08/2020,472.17,InsufficientFunds,CallCenter,2,82,05/10/2020,149.22,TechnicalError,Branch,3,27,,,,,,,,,,,,,,,159,25/02/2026,185,04/04/2026,,,111,14/07/2025
300005,05/01/1947,78,Male,36486,3,High,1,0,Expired,20/10/2024,4288.45,InsufficientFunds,Branch,3,55,,,,,,,,,,,,,,,,,,,,,,,,,106,30/03/2025,129,25/01/2025,,,,,,
300006,14/04/1996,30,Other,88252,3,High,1,0,Blocked,22/06/2021,7210.89,CardExpired,Branch,2,128,06/08/2021,3340.93,TechnicalError,Branch,2,112,20/09/2021,1529.33,CardExpired,CallCenter,3,99,,,,,,,,,,,,,,,127,27/06/2025,,,110,02/07/2025,130,13/06/2025
300007,07/06/1990,35,Female,27022,9,Low,1,1,Expired,26/06/2018,5209.32,TechnicalError,CallCenter,3,49,10/08/2018,7294.23,InsufficientFunds,CallCenter,1,125,24/09/2018,5911.52,CardExpired,CallCenter,2,76,,,,,,,,,,,,,138,24/11/2024,152,28/12/2024,171,04/04/2024,183,29/11/2024,,
300008,27/07/1943,82,Other,50014,2,Low,3,0,Expired,14/04/2019,4765.23,CardExpired,App,1,77,29/05/2019,1305.29,TechnicalError,Branch,3,99,13/07/2019,9037.8,TechnicalError,App,1,16,27/08/2019,5054.92,CardExpired,CallCenter,2,37,11/10/2019,8685.79,InsufficientFunds,CallCenter,2,134,,,,,,,159,09/12/2024,,
300009,01/02/1981,44,Female,93679,7,Medium,4,0,Expired,06/03/2024,1215.2,TechnicalError,App,2,22,20/04/2024,3149.72,CardExpired,Branch,3,47,,,,,,,,,,,,,,,,,,,,,,,166,28/02/2024,135,15/05/2024,,
300010,22/03/1999,26,Other,58506,7,High,1,1,Active,24/08/2020,7124.66,CardExpired,Branch,1,115,08/10/2020,2058.9,TechnicalError,App,1,70,22/11/2020,3998.22,InsufficientFunds,App,3,162,06/01/2021,9645.45,CardExpired,App,3,106,20/02/2021,3030.24,InsufficientFunds,CallCenter,2,65,,,,,,,,,,
300011,18/01/1975,51,Female,56642,9,High,3,0,Expired,14/09/2017,1582.96,InsufficientFunds,Branch,3,163,29/10/2017,5741.49,CardExpired,App,2,33,13/12/2017,8370.68,CardExpired,App,2,73,,,,,,,,,,,,,149,14/11/2025,,,150,22/08/2025,,,178,30/09/2025
300012,17/12/1957,69,Male,86940,9,High,1,0,Active,28/02/2021,5662.87,InsufficientFunds,App,2,13,,,,,,,,,,,,,,,,,,,,,,,,,,,,,126,21/02/2026,,,,
300013,15/12/1965,61,Other,34618,5,Low,2,1,Blocked,16/03/2021,1050.84,InsufficientFunds,App,2,13,30/04/2021,5721.27,InsufficientFunds,Branch,1,26,14/06/2021,9297.02,TechnicalError,App,1,131,29/07/2021,7636.18,TechnicalError,Branch,2,89,12/09/2021,5813.06,InsufficientFunds,Branch,3,130,,,116,17/11/2025,,,,,199,15/02/2026
300014,24/02/1989,37,Other,50405,8,Low,4,0,Blocked,01/08/2025,8448.72,TechnicalError,App,1,157,15/09/2025,5474.36,TechnicalError,Branch,1,11,,,,,,,,,,,,,,,,,,,198,29/11/2025,,,,,,,179,07/04/2025
300015,23/06/2006,20,Other,88705,1,High,3,0,Expired,10/03/2025,9083.96,InsufficientFunds,CallCenter,3,44,24/04/2025,7016.97,TechnicalError,CallCenter,3,160,08/06/2025,7036.51,CardExpired,Branch,1,155,23/07/2025,4621.75,CardExpired,Branch,2,176,,,,,,,169,15/12/2025,,,,,154,20/08/2025,,
300016,14/08/1989,37,Male,27792,9,Low,2,0,Blocked,24/05/2019,3257.7,CardExpired,App,1,143,08/07/2019,3072.92,InsufficientFunds,App,2,6,22/08/2019,4831.81,TechnicalError,CallCenter,1,63,06/10/2019,6108.66,TechnicalError,App,1,111,,,,,,,,,,,,,,,,
300017,16/12/1996,29,Female,67418,5,Low,4,1,Active,31/05/2020,7288.37,TechnicalError,App,2,123,15/07/2020,9917.13,TechnicalError,App,2,114,,,,,,,,,,,,,,,,,,,157,04/09/2024,102,15/01/2025,,,107,21/11/2024,134,21/04/2025
300018,26/03/1980,46,Other,84153,7,High,4,0,Expired,11/07/2019,9333.2,TechnicalError,Branch,2,2,25/08/2019,7065.77,InsufficientFunds,Branch,1,107,,,,,,,,,,,,,,,,,,,,,,,,,184,17/02/2026,,
300019,11/12/1944,82,Other,85435,8,High,3,1,Expired,24/04/2021,5363.45,CardExpired,App,3,72,08/06/2021,645.75,TechnicalError,App,1,107,23/07/2021,3484.89,CardExpired,CallCenter,3,13,06/09/2021,6328.56,CardExpired,Branch,1,12,21/10/2021,2922.45,CardExpired,App,3,102,,,,,101,02/05/2025,,,145,25/02/2025
300020,13/11/1965,60,Male,69202,3,High,2,0,Expired,21/07/2021,9387.39,CardExpired,Branch,1,87,04/09/2021,8131.93,CardExpired,App,2,64,,,,,,,,,,,,,,,,,,,,,,,,,,,199,02/09/2024
300021,24/06/1977,49,Female,68026,1,Medium,1,0,Blocked,21/11/2021,7920.69,CardExpired,App,1,117,,,,,,,,,,,,,,,,,,,,,,,,,165,05/05/2025,111,01/05/2025,,,,,167,20/11/2025
300022,17/09/1999,26,Female,16957,8,Medium,3,0,Blocked,19/12/2017,2321.63,TechnicalError,App,2,82,02/02/2018,7129.93,CardExpired,CallCenter,1,75,19/03/2018,3838.14,InsufficientFunds,App,2,22,03/05/2018,1242.81,InsufficientFunds,Branch,3,174,17/06/2018,3478.41,TechnicalError,Branch,3,54,,,180,25/02/2024,,,,,,
300023,15/08/1952,74,Other,82275,4,High,2,1,Blocked,03/05/2019,2344.83,TechnicalError,Branch,1,89,17/06/2019,8924.56,TechnicalError,CallCenter,1,34,,,,,,,,,,,,,,,,,,,,,,,191,05/09/2025,132,13/07/2025,163,04/07/2025
300024,26/11/2001,24,Male,87431,7,Medium,4,1,Expired,21/04/2023,4087.06,InsufficientFunds,Branch,1,169,05/06/2023,5458.61,CardExpired,App,2,157,,,,,,,,,,,,,,,,,,,,,,,177,09/07/2025,,,,
300025,12/10/1971,54,Other,99584,6,Medium,2,1,Blocked,09/05/2022,4034.52,InsufficientFunds,App,3,153,23/06/2022,726.38,InsufficientFunds,Branch,1,85,07/08/2022,335.35,InsufficientFunds,App,2,45,,,,,,,,,,,,,,,,,120,08/03/2025,,,,
300026,07/04/2002,24,Other,33779,2,Low,3,0,Expired,25/04/2019,5305.66,InsufficientFunds,CallCenter,2,54,09/06/2019,6456.74,TechnicalError,CallCenter,2,173,,,,,,,,,,,,,,,,,,,,,,,,,155,25/03/2025,,
300027,04/05/1971,54,Female,42546,6,Medium,1,1,Active,16/05/2024,8700.44,CardExpired,CallCenter,2,170,30/06/2024,6390.6,TechnicalError,CallCenter,2,176,,,,,,,,,,,,,,,,,,,123,18/05/2025,137,24/05/2025,106,16/03/2025,,,,
300028,18/02/2006,19,Female,33931,1,Low,3,0,Active,16/12/2017,3373.5,InsufficientFunds,Branch,3,152,,,,,,,,,,,,,,,,,,,,,,,,,170,02/01/2025,,,,,,,,
300029,16/08/1974,51,Female,75610,2,High,4,1,Expired,09/03/2024,8728.79,CardExpired,App,3,29,23/04/2024,6237.33,TechnicalError,CallCenter,1,8,07/06/2024,9835.45,TechnicalError,Branch,1,102,22/07/2024,3637.2,InsufficientFunds,Branch,3,129,05/09/2024,3752.15,CardExpired,Branch,3,135,186,11/12/2024,193,30/10/2024,,,127,18/01/2025,109,20/12/2024
300030,08/12/1988,37,Female,20785,6,High,2,0,Expired,19/11/2021,7095.88,TechnicalError,CallCenter,3,76,03/01/2022,8634.74,TechnicalError,Branch,3,6,17/02/2022,7144.38,CardExpired,App,3,129,03/04/2022,4906.95,InsufficientFunds,App,3,2,,,,,,,,,,,,,,,,
300031,07/06/1953,72,Male,88877,2,Medium,2,1,Blocked,25/05/2016,2534.4,TechnicalError,Branch,2,74,09/07/2016,5972.3,TechnicalError,App,1,5,23/08/2016,9365.99,TechnicalError,CallCenter,2,31,,,,,,,,,,,,,,,,,,,135,25/08/2024,,
300032,19/04/1972,53,Other,28242,5,High,3,1,Expired,30/07/2018,2797.74,InsufficientFunds,CallCenter,3,28,13/09/2018,9491.73,InsufficientFunds,Branch,3,9,28/10/2018,8503.65,CardExpired,CallCenter,1,80,12/12/2018,495.11,TechnicalError,Branch,3,142,26/01/2019,7860.01,InsufficientFunds,Branch,1,30,162,12/12/2024,,,,,,,,
300033,20/02/1978,47,Female,49072,4,High,4,1,Blocked,03/08/2019,7432.34,TechnicalError,CallCenter,3,142,,,,,,,,,,,,,,,,,,,,,,,,,,,119,01/01/2025,,,122,08/05/2025,,
300034,03/07/2002,24,Female,68590,5,Medium,2,0,Expired,20/11/2023,2649.73,InsufficientFunds,App,2,121,04/01/2024,4353.4,TechnicalError,App,1,2,18/02/2024,1387.48,TechnicalError,App,1,107,,,,,,,,,,,,,132,16/09/2025,157,20/11/2025,,,,,176,21/12/2025
300035,24/06/1956,69,Other,90239,8,Medium,3,1,Blocked,30/05/2025,3873.92,InsufficientFunds,CallCenter,2,156,14/07/2025,1294.12,TechnicalError,App,3,119,,,,,,,,,,,,,,,,,,,,,103,22/11/2024,,,135,01/05/2025,,
300036,20/03/1949,76,Female,37559,6,Low,1,0,Blocked,20/06/2023,7480.07,CardExpired,App,3,83,04/08/2023,8357.91,InsufficientFunds,App,1,69,18/09/2023,5890.15,CardExpired,CallCenter,1,144,,,,,,,,,,,,,,,,,,,,,,
300037,14/11/1957,68,Female,95760,6,Low,3,1,Expired,08/11/2023,4560.47,InsufficientFunds,CallCenter,3,16,23/12/2023,2304.74,InsufficientFunds,Branch,3,70,,,,,,,,,,,,,,,,,,,,,,,167,15/04/2025,,,,
300038,20/06/1943,82,Other,84294,2,Low,4,1,Active,18/08/2021,8476.08,InsufficientFunds,App,2,95,,,,,,,,,,,,,,,,,,,,,,,,,110,09/01/2025,,,195,08/07/2024,,,,
300039,15/08/1972,53,Other,83512,2,High,2,1,Blocked,22/12/2015,1566.59,TechnicalError,App,3,132,,,,,,,,,,,,,,,,,,,,,,,,,141,10/01/2025,,,191,15/05/2024,125,02/09/2024,125,29/03/2025
300040,16/09/1973,52,Female,25057,7,Low,2,1,Active,01/03/2021,5806.13,TechnicalError,App,1,65,15/04/2021,5172.24,CardExpired,Branch,2,157,30/05/2021,1312.07,InsufficientFunds,App,1,121,14/07/2021,8550.7,CardExpired,App,1,34,,,,,,,174,30/10/2024,110,25/02/2025,182,23/03/2025,100,08/04/2025,,
300041,01/05/1963,63,Other,84439,4,High,1,0,Active,23/10/2018,4510.65,InsufficientFunds,CallCenter,3,56,,,,,,,,,,,,,,,,,,,,,,,,,,,,,163,22/10/2025,,,,
300042,24/04/1966,59,Female,83713,3,Low,3,1,Active,07/08/2024,9345.47,InsufficientFunds,Branch,2,53,21/09/2024,4392.82,CardExpired,App,1,148,05/11/2024,715.12,TechnicalError,Branch,1,158,,,,,,,,,,,,,178,27/10/2024,,,,,,,186,02/05/2025
300043,21/02/1957,68,Female,59494,3,High,1,0,Expired,07/10/2017,1671.7,CardExpired,App,1,119,21/11/2017,8899.98,InsufficientFunds,App,1,127,05/01/2018,5836.8,InsufficientFunds,CallCenter,2,157,19/02/2018,3652,InsufficientFunds,Branch,3,62,,,,,,,,,,,,,,,,
300044,20/03/1993,33,Other,98339,9,Medium,2,1,Expired,05/10/2018,8373.91,CardExpired,Branch,2,49,19/11/2018,5813.77,InsufficientFunds,CallCenter,1,168,03/01/2019,3070.53,CardExpired,Branch,1,115,,,,,,,,,,,,,,,,,128,15/12/2025,,,,
300045,03/06/1998,27,Male,18059,8,Low,2,1,Expired,23/06/2023,9702.26,TechnicalError,CallCenter,3,28,07/08/2023,2842.56,TechnicalError,App,2,122,,,,,,,,,,,,,,,,,,,,,119,22/08/2025,184,07/05/2025,,,184,18/01/2025
300046,07/01/1986,39,Other,93936,6,High,4,0,Blocked,20/09/2019,8902.13,InsufficientFunds,App,1,167,,,,,,,,,,,,,,,,,,,,,,,,,,,,,137,19/09/2025,,,,
300047,20/06/1969,57,Male,11692,2,Low,3,0,Expired,14/09/2023,5088.37,TechnicalError,CallCenter,3,46,29/10/2023,9505.24,TechnicalError,CallCenter,3,128,13/12/2023,8059.01,CardExpired,App,3,34,27/01/2024,4330.62,InsufficientFunds,Branch,3,45,,,,,,,,,146,10/01/2026,,,175,01/11/2025,,
300048,25/11/1991,35,Female,52576,9,High,1,0,Active,24/11/2018,8705.49,TechnicalError,App,1,16,,,,,,,,,,,,,,,,,,,,,,,,,126,15/11/2025,146,12/10/2025,193,02/11/2025,,,189,28/07/2025
300049,06/11/1983,42,Female,52272,8,Low,2,0,Blocked,15/03/2016,5249.43,TechnicalError,Branch,2,134,,,,,,,,,,,,,,,,,,,,,,,,,,,150,23/06/2024,,,,,,
300050,14/11/1970,55,Female,78549,8,Low,3,0,Blocked,20/03/2018,4079.37,TechnicalError,Branch,1,28,04/05/2018,3207.35,InsufficientFunds,Branch,2,29,18/06/2018,7026.86,CardExpired,Branch,3,179,02/08/2018,7084.43,InsufficientFunds,CallCenter,3,60,16/09/2018,5356.76,TechnicalError,Branch,1,77,189,26/07/2024,120,06/12/2024,,,,,,
300051,13/02/1958,67,Other,84247,3,Low,3,1,Active,10/08/2015,3820.32,CardExpired,App,2,51,,,,,,,,,,,,,,,,,,,,,,,,,,,,,,,142,29/01/2025,122,13/03/2025
300052,01/08/1976,49,Male,99694,9,High,1,1,Expired,18/05/2016,9364.34,CardExpired,App,1,114,02/07/2016,1568.9,CardExpired,CallCenter,3,31,,,,,,,,,,,,,,,,,,,,,185,20/02/2024,,,,,,
300053,13/02/1977,48,Other,92324,4,Low,3,0,Blocked,27/08/2018,9847.06,TechnicalError,CallCenter,3,69,11/10/2018,9745.41,InsufficientFunds,Branch,3,38,25/11/2018,9827.14,TechnicalError,Branch,2,109,09/01/2019,7881.38,TechnicalError,CallCenter,1,5,23/02/2019,640.11,CardExpired,App,3,9,,,179,25/07/2024,137,15/02/2024,,,,
300054,14/08/1968,57,Other,67054,6,Medium,2,0,Expired,19/09/2025,7090.88,InsufficientFunds,Branch,1,179,,,,,,,,,,,,,,,,,,,,,,,,,,,,,,,110,07/04/2025,177,18/11/2024
300055,04/10/1968,58,Female,70788,1,Low,1,1,Active,07/03/2016,3729.04,TechnicalError,App,3,132,21/04/2016,6512.38,TechnicalError,CallCenter,3,30,05/06/2016,8983.88,CardExpired,App,1,78,20/07/2016,9654.06,InsufficientFunds,App,2,139,03/09/2016,1252.99,InsufficientFunds,CallCenter,2,51,,,182,26/07/2025,,,,,,
300056,14/05/2005,20,Female,74826,9,High,3,1,Active,16/09/2015,5758.7,CardExpired,Branch,3,101,31/10/2015,2570.24,CardExpired,App,2,150,15/12/2015,7408.69,TechnicalError,App,2,171,29/01/2016,1475.04,InsufficientFunds,CallCenter,3,149,,,,,,,,,,,,,,,,
300057,04/04/1975,51,Male,15682,8,High,2,1,Expired,09/01/2019,7202.95,TechnicalError,CallCenter,3,138,23/02/2019,2297.85,InsufficientFunds,Branch,2,155,,,,,,,,,,,,,,,,,,,,,116,25/05/2025,,,,,,
300058,06/12/1995,30,Female,64535,2,Medium,1,0,Blocked,22/03/2018,8866.25,TechnicalError,App,2,103,06/05/2018,3871.24,InsufficientFunds,Branch,1,112,20/06/2018,154.2,InsufficientFunds,CallCenter,2,148,04/08/2018,1569.55,CardExpired,CallCenter,1,106,,,,,,,174,06/02/2025,197,06/02/2025,,,,,,
300059,05/01/1946,79,Male,84984,9,Low,3,0,Active,21/05/2016,1242.46,TechnicalError,Branch,1,74,,,,,,,,,,,,,,,,,,,,,,,,,182,01/09/2024,181,12/08/2024,,,,,,
300060,04/03/1953,72,Female,99269,3,High,2,1,Active,30/07/2019,2414.78,TechnicalError,Branch,3,98,,,,,,,,,,,,,,,,,,,,,,,,,,,,,,,,,140,14/04/2025
300061,17/09/1956,69,Female,97681,9,Low,4,1,Active,12/05/2019,6158.87,InsufficientFunds,CallCenter,1,4,26/06/2019,3108.34,InsufficientFunds,App,1,71,10/08/2019,7840.72,InsufficientFunds,CallCenter,1,96,24/09/2019,7495.08,CardExpired,Branch,2,43,08/11/2019,1380.96,InsufficientFunds,App,1,94,,,,,,,137,10/07/2024,,
300062,20/05/1979,47,Female,17440,5,High,2,1,Active,19/08/2023,8333.14,CardExpired,Branch,1,127,03/10/2023,5698.54,TechnicalError,CallCenter,3,80,17/11/2023,701.84,CardExpired,Branch,1,129,01/01/2024,3104.35,CardExpired,App,1,15,,,,,,,,,,,,,,,181,12/04/2025
300063,17/02/1980,45,Female,57387,4,Low,3,1,Blocked,21/05/2018,6911.02,CardExpired,CallCenter,3,25,,,,,,,,,,,,,,,,,,,,,,,,,183,26/02/2025,,,,,,,,
300064,26/10/1954,72,Male,21043,6,Low,2,0,Active,05/08/2018,9947.59,InsufficientFunds,App,2,9,,,,,,,,,,,,,,,,,,,,,,,,,,,,,114,30/10/2025,156,07/06/2025,,
300065,22/07/1976,49,Female,63803,9,High,2,1,Active,01/12/2016,7412.11,TechnicalError,Branch,2,77,15/01/2017,6338.27,CardExpired,CallCenter,2,157,01/03/2017,7922.78,InsufficientFunds,CallCenter,2,44,15/04/2017,7856.49,InsufficientFunds,CallCenter,3,43,,,,,,,162,24/02/2025,,,156,12/06/2025,,,114,07/09/2025
300066,19/05/1973,52,Other,50167,2,Low,3,1,Blocked,09/03/2020,4700.16,InsufficientFunds,App,1,15,23/04/2020,577.58,CardExpired,App,1,136,,,,,,,,,,,,,,,,,,,118,03/12/2024,,,,,146,04/07/2025,,
300067,08/06/1987,39,Male,34439,1,Low,3,1,Expired,28/09/2022,9376.55,TechnicalError,App,3,88,12/11/2022,3650.4,TechnicalError,App,2,139,27/12/2022,1785.07,CardExpired,App,2,109,,,,,,,,,,,,,,,160,18/07/2025,113,18/05/2025,,,,
300068,19/06/1979,46,Other,80790,2,High,2,1,Blocked,21/10/2016,9332.14,TechnicalError,App,2,118,05/12/2016,867.95,CardExpired,Branch,2,126,,,,,,,,,,,,,,,,,,,169,19/07/2025,,,175,27/07/2025,141,24/12/2024,,
300069,25/10/1957,68,Other,90923,2,Medium,2,0,Active,29/10/2023,4680.2,InsufficientFunds,Branch,2,23,13/12/2023,8925.75,InsufficientFunds,Branch,3,58,27/01/2024,9804.01,InsufficientFunds,Branch,1,37,12/03/2024,1562.81,TechnicalError,CallCenter,2,16,,,,,,,160,17/05/2024,,,,,,,121,08/03/2024
300070,27/11/1981,44,Other,37504,5,High,4,1,Expired,26/06/2015,6669.72,CardExpired,App,2,141,10/08/2015,5095.96,TechnicalError,App,3,65,24/09/2015,4347.39,TechnicalError,CallCenter,1,93,08/11/2015,4920.58,InsufficientFunds,Branch,2,124,23/12/2015,6931.52,InsufficientFunds,Branch,1,65,172,28/05/2024,,,155,20/05/2024,,,,
300071,01/06/1987,38,Male,70527,6,Low,1,1,Blocked,03/06/2022,3203.25,CardExpired,App,3,59,18/07/2022,8252.34,TechnicalError,Branch,2,54,01/09/2022,1353.33,InsufficientFunds,Branch,1,2,,,,,,,,,,,,,146,24/11/2025,169,22/01/2025,,,101,02/09/2025,,
300072,17/11/2002,23,Other,17657,1,Medium,2,0,Active,23/05/2021,6275.77,TechnicalError,CallCenter,1,14,07/07/2021,9293.8,TechnicalError,CallCenter,3,118,21/08/2021,7420.26,TechnicalError,CallCenter,1,25,,,,,,,,,,,,,,,160,07/12/2024,142,12/05/2025,,,,
300073,06/10/1984,41,Male,85908,4,Medium,2,1,Blocked,14/05/2018,1088.72,TechnicalError,Branch,2,110,28/06/2018,8272.61,InsufficientFunds,App,3,50,12/08/2018,7625.84,InsufficientFunds,CallCenter,1,15,26/09/2018,3867.69,CardExpired,Branch,2,132,10/11/2018,2537.14,TechnicalError,Branch,1,144,,,161,27/10/2024,157,28/11/2024,150,23/06/2024,116,09/09/2024
300074,02/10/1980,45,Female,97062,8,Low,3,1,Expired,06/06/2017,4863.44,InsufficientFunds,Branch,3,155,21/07/2017,6379.71,InsufficientFunds,CallCenter,2,116,04/09/2017,5364.82,TechnicalError,CallCenter,2,7,19/10/2017,8830.95,InsufficientFunds,Branch,1,20,03/12/2017,2813.71,CardExpired,CallCenter,3,174,,,167,09/10/2024,,,,,159,29/06/2024
300075,06/08/1955,70,Female,34042,7,High,1,1,Active,04/02/2017,3607.26,CardExpired,CallCenter,1,18,21/03/2017,6670.58,InsufficientFunds,Branch,3,118,05/05/2017,9916.49,CardExpired,CallCenter,1,91,19/06/2017,1098.21,InsufficientFunds,App,1,97,03/08/2017,6744.19,CardExpired,Branch,1,8,,,113,24/12/2024,139,10/07/2025,186,23/02/2025,,
300076,08/11/1946,80,Female,65080,2,High,1,1,Blocked,28/10/2023,134.54,InsufficientFunds,Branch,1,65,,,,,,,,,,,,,,,,,,,,,,,,,,,158,24/02/2025,,,,,,
300077,07/08/1951,74,Male,31253,5,Low,2,1,Blocked,28/01/2018,3025.88,InsufficientFunds,App,2,13,14/03/2018,1513.92,CardExpired,Branch,3,35,28/04/2018,2326.97,TechnicalError,Branch,3,77,,,,,,,,,,,,,145,09/11/2024,,,,,,,198,14/08/2024
300078,03/01/1969,56,Other,53195,8,Medium,1,0,Expired,14/03/2024,9883.57,TechnicalError,CallCenter,2,18,28/04/2024,6698.93,InsufficientFunds,App,3,151,,,,,,,,,,,,,,,,,,,137,15/01/2025,,,173,05/02/2025,,,,
300079,21/03/1996,30,Other,53920,4,Medium,2,0,Active,07/07/2018,2704.16,TechnicalError,Branch,3,54,21/08/2018,2707.58,InsufficientFunds,Branch,3,58,05/10/2018,7171.56,TechnicalError,Branch,1,47,19/11/2018,8345.62,TechnicalError,App,2,116,,,,,,,161,07/09/2025,,,,,172,18/09/2025,137,19/05/2025
300080,08/11/1980,46,Male,31073,3,Low,3,0,Active,14/02/2022,9366.05,TechnicalError,CallCenter,3,166,31/03/2022,159.77,CardExpired,CallCenter,1,132,15/05/2022,1125.7,InsufficientFunds,App,3,156,29/06/2022,8894.09,CardExpired,Branch,2,138,,,,,,,,,158,04/05/2025,,,152,08/08/2025,,
300081,01/07/1960,65,Female,44949,5,Low,2,1,Expired,10/04/2022,1792.57,TechnicalError,App,2,17,,,,,,,,,,,,,,,,,,,,,,,,,127,23/08/2024,,,150,13/04/2025,,,,
300082,06/02/1989,36,Male,83338,4,Medium,2,1,Blocked,27/03/2024,7655.69,CardExpired,Branch,3,63,11/05/2024,7063.83,CardExpired,CallCenter,1,138,25/06/2024,5492.49,CardExpired,App,1,18,09/08/2024,622.97,TechnicalError,Branch,1,175,,,,,,,,,,,139,30/06/2025,,,,
300083,16/08/2003,22,Female,93665,8,Low,1,0,Expired,01/03/2017,2632.98,InsufficientFunds,CallCenter,2,78,15/04/2017,3820.15,InsufficientFunds,Branch,3,80,30/05/2017,9480.44,TechnicalError,App,1,93,,,,,,,,,,,,,,,152,19/01/2025,,,,,,
300084,19/06/1945,80,Other,19056,4,Medium,4,0,Blocked,09/09/2024,9897.57,InsufficientFunds,Branch,3,13,24/10/2024,5992.74,InsufficientFunds,Branch,2,137,08/12/2024,960.97,InsufficientFunds,CallCenter,1,72,,,,,,,,,,,,,,,,,,,128,03/04/2024,,
300085,22/11/1968,57,Male,16670,9,High,4,0,Blocked,14/11/2020,6318.76,InsufficientFunds,Branch,2,166,29/12/2020,8082.1,CardExpired,Branch,3,74,12/02/2021,5275.07,TechnicalError,App,2,15,,,,,,,,,,,,,177,28/06/2025,193,15/11/2025,167,15/06/2025,,,,
300086,20/04/1981,44,Male,35935,5,Low,2,0,Expired,18/03/2020,6318.68,InsufficientFunds,App,1,85,02/05/2020,5435.41,CardExpired,CallCenter,3,83,,,,,,,,,,,,,,,,,,,,,101,16/04/2025,188,20/10/2024,,,,
300087,18/05/1989,37,Other,45142,6,Medium,2,0,Expired,29/07/2021,2664.26,InsufficientFunds,CallCenter,1,162,,,,,,,,,,,,,,,,,,,,,,,,,,,,,,,,,,
300088,12/11/1949,77,Male,40292,7,High,2,0,Expired,14/01/2024,8142.22,TechnicalError,App,2,140,28/02/2024,9238.47,TechnicalError,CallCenter,2,95,13/04/2024,405.16,InsufficientFunds,App,3,138,28/05/2024,7421.96,TechnicalError,App,2,105,,,,,,,,,,,134,23/08/2025,,,154,02/01/2026
300089,02/02/2001,24,Female,51193,5,High,1,1,Expired,02/02/2022,682.09,InsufficientFunds,App,2,163,,,,,,,,,,,,,,,,,,,,,,,,,141,17/09/2024,135,05/09/2024,,,,,132,19/05/2024
300090,26/09/1977,48,Female,89035,6,Low,4,0,Active,24/01/2023,372.43,InsufficientFunds,App,2,79,10/03/2023,2309.01,InsufficientFunds,App,2,165,24/04/2023,1295.99,InsufficientFunds,CallCenter,1,169,08/06/2023,2346.69,TechnicalError,Branch,1,4,23/07/2023,6327.79,TechnicalError,CallCenter,3,167,182,26/01/2025,,,,,,,,
300091,07/08/1989,36,Male,47029,5,High,4,1,Blocked,12/07/2021,3933.81,CardExpired,App,3,138,,,,,,,,,,,,,,,,,,,,,,,,,,,,,139,27/09/2024,,,,
300092,10/05/1954,72,Other,94470,8,High,1,1,Expired,14/04/2018,3458.98,CardExpired,App,1,13,29/05/2018,6390.56,TechnicalError,CallCenter,1,113,13/07/2018,2457.73,TechnicalError,CallCenter,2,45,27/08/2018,3588.63,CardExpired,CallCenter,2,93,,,,,,,197,31/10/2025,189,19/04/2025,,,135,28/05/2025,129,27/06/2025
300093,01/07/1980,45,Other,94030,1,Low,3,0,Expired,12/10/2015,3752.21,CardExpired,Branch,3,136,26/11/2015,1922,CardExpired,CallCenter,2,37,,,,,,,,,,,,,,,,,,,104,02/07/2024,120,30/12/2024,,,,,110,10/05/2024
300094,02/11/1957,69,Other,25356,8,Low,1,1,Expired,21/03/2020,9476.3,TechnicalError,CallCenter,1,63,05/05/2020,905.62,TechnicalError,App,2,124,19/06/2020,6621.39,CardExpired,CallCenter,1,179,,,,,,,,,,,,,,,,,189,09/08/2025,126,23/09/2025,193,10/09/2025
300095,01/05/1944,81,Other,18922,3,Low,1,1,Blocked,26/03/2023,57.2,InsufficientFunds,CallCenter,1,71,10/05/2023,6638.89,CardExpired,CallCenter,3,26,24/06/2023,6471.77,CardExpired,Branch,2,167,08/08/2023,9947.92,CardExpired,App,3,99,22/09/2023,1624.79,InsufficientFunds,CallCenter,3,124,,,,,150,28/12/2024,196,13/03/2025,126,22/07/2024
300096,08/08/2001,24,Other,13405,1,Medium,4,0,Expired,06/11/2019,3171.63,InsufficientFunds,CallCenter,1,42,21/12/2019,7134.68,InsufficientFunds,Branch,3,62,04/02/2020,3132.42,InsufficientFunds,CallCenter,2,167,20/03/2020,6715.41,InsufficientFunds,Branch,2,94,04/05/2020,9507.56,CardExpired,CallCenter,1,3,195,17/11/2025,,,,,149,28/12/2024,,
300097,10/07/1980,45,Other,95719,6,Medium,4,1,Blocked,12/05/2023,157.28,InsufficientFunds,CallCenter,3,57,26/06/2023,9163.3,TechnicalError,App,3,145,10/08/2023,4400.54,InsufficientFunds,Branch,1,35,,,,,,,,,,,,,165,04/06/2024,187,10/10/2024,,,,,,
300098,06/12/2000,25,Female,30711,6,Medium,1,0,Active,06/08/2024,2674.42,InsufficientFunds,Branch,2,85,20/09/2024,7858.69,CardExpired,App,3,45,04/11/2024,9677.77,InsufficientFunds,Branch,1,53,19/12/2024,4815.32,TechnicalError,App,2,147,02/02/2025,9076.91,CardExpired,App,3,144,135,28/07/2024,,,,,,,,
300099,08/06/1951,74,Other,80650,8,High,4,0,Active,19/08/2021,9598.53,InsufficientFunds,Branch,3,98,,,,,,,,,,,,,,,,,,,,,,,,,,,128,23/08/2024,,,,,132,14/05/2024
300100,17/12/1965,61,Female,89793,3,Medium,3,0,Blocked,18/06/2022,1388.51,InsufficientFunds,Branch,2,78,02/08/2022,1913.1,InsufficientFunds,App,1,94,16/09/2022,9708.4,CardExpired,CallCenter,3,65,31/10/2022,2865.81,TechnicalError,App,3,115,15/12/2022,9558.06,InsufficientFunds,App,3,58,134,14/09/2025,153,23/11/2025,171,23/06/2025,124,08/05/2025,183,11/04/2025
300101,26/04/1993,32,Male,22363,2,Low,1,0,Expired,20/11/2022,2745.98,InsufficientFunds,Branch,2,113,,,,,,,,,,,,,,,,,,,,,,,,,184,12/10/2024,,,,,188,16/10/2024,170,17/04/2025
300102,25/04/1960,66,Male,43845,5,Low,3,0,Blocked,22/06/2025,2346.44,TechnicalError,Branch,2,54,06/08/2025,9158.04,InsufficientFunds,App,2,158,20/09/2025,7470.43,TechnicalError,Branch,3,126,04/11/2025,154.88,CardExpired,CallCenter,2,99,,,,,,,,,127,13/12/2025,,,,,173,14/04/2025
300103,26/02/1989,37,Female,87648,7,Low,1,0,Expired,16/02/2018,1252.78,InsufficientFunds,App,3,164,02/04/2018,6124.99,CardExpired,App,3,13,17/05/2018,2717.49,InsufficientFunds,Branch,3,88,,,,,,,,,,,,,,,,,178,17/08/2025,,,,
300104,24/11/1983,42,Other,47951,7,High,1,1,Blocked,16/02/2018,7186.09,CardExpired,Branch,2,103,02/04/2018,7525.84,InsufficientFunds,CallCenter,2,23,,,,,,,,,,,,,,,,,,,140,15/10/2024,,,,,137,06/12/2024,,
300105,12/02/1952,73,Female,91937,2,High,2,0,Active,07/04/2022,3124.69,InsufficientFunds,CallCenter,2,11,22/05/2022,8998.99,CardExpired,CallCenter,2,167,06/07/2022,8320.17,TechnicalError,CallCenter,2,75,,,,,,,,,,,,,144,09/01/2025,191,14/03/2024,126,07/06/2024,151,23/07/2024,,
300106,10/05/1971,54,Female,95083,4,Low,3,0,Blocked,29/03/2017,3136.19,TechnicalError,CallCenter,1,44,13/05/2017,2766.22,TechnicalError,CallCenter,3,16,27/06/2017,1184.62,TechnicalError,CallCenter,2,96,11/08/2017,5024.88,CardExpired,Branch,3,161,25/09/2017,6773.36,InsufficientFunds,CallCenter,1,38,,,,,,,,,,
300107,21/03/2005,20,Male,83996,6,Low,1,0,Blocked,22/05/2022,3139.66,TechnicalError,Branch,3,39,06/07/2022,4305.27,InsufficientFunds,Branch,3,162,20/08/2022,8248.97,TechnicalError,Branch,1,121,04/10/2022,4919.03,InsufficientFunds,CallCenter,1,108,,,,,,,115,13/11/2024,,,,,117,13/02/2025,,
300108,24/05/1991,34,Other,85477,4,Low,3,1,Expired,07/12/2024,4362.75,CardExpired,Branch,2,153,,,,,,,,,,,,,,,,,,,,,,,,,,,,,148,27/10/2024,138,20/04/2024,118,28/03/2024
300109,15/09/1944,82,Other,58129,5,Low,2,1,Expired,03/12/2025,940.15,TechnicalError,Branch,1,119,,,,,,,,,,,,,,,,,,,,,,,,,189,27/02/2025,,,,,102,19/07/2025,,
300110,21/12/1979,46,Other,35122,4,Low,1,1,Active,30/04/2022,3144.37,InsufficientFunds,App,2,120,14/06/2022,5218.9,TechnicalError,CallCenter,1,39,29/07/2022,9360.53,CardExpired,App,2,135,12/09/2022,2795.36,CardExpired,Branch,3,120,27/10/2022,5622.64,CardExpired,Branch,2,44,,,,,,,,,121,09/11/2024
300111,02/09/1996,29,Male,99402,2,Medium,4,1,Expired,02/05/2023,6801.61,InsufficientFunds,Branch,1,54,,,,,,,,,,,,,,,,,,,,,,,,,170,13/07/2025,186,20/06/2025,,,184,28/07/2025,,
300112,06/07/1982,44,Male,29812,1,Low,2,1,Active,26/09/2019,5360.85,TechnicalError,Branch,2,43,10/11/2019,2527.6,InsufficientFunds,App,1,87,25/12/2019,4308.29,TechnicalError,App,2,151,,,,,,,,,,,,,144,30/12/2025,,,139,12/06/2025,,,177,22/03/2026
300113,06/12/1969,57,Other,77730,5,Medium,3,0,Blocked,14/01/2023,4837.71,CardExpired,CallCenter,3,175,28/02/2023,3848.85,InsufficientFunds,App,3,176,,,,,,,,,,,,,,,,,,,,,,,,,,,,
300114,02/11/1950,76,Male,10597,4,Low,3,1,Expired,28/05/2018,3588.25,CardExpired,CallCenter,2,20,12/07/2018,1504.68,InsufficientFunds,CallCenter,2,51,26/08/2018,7003.98,TechnicalError,CallCenter,2,119,10/10/2018,1271.2,CardExpired,CallCenter,3,91,,,,,,,,,170,14/10/2025,,,,,142,20/11/2025
300115,07/05/1982,43,Male,59119,7,Medium,1,1,Blocked,31/12/2016,8000.98,InsufficientFunds,App,3,178,,,,,,,,,,,,,,,,,,,,,,,,,,,139,29/05/2024,175,19/07/2024,,,,
300116,14/11/1989,36,Female,63857,2,Low,2,0,Active,11/02/2024,6367.74,TechnicalError,Branch,2,19,27/03/2024,4379.46,TechnicalError,App,1,82,11/05/2024,189.81,TechnicalError,CallCenter,1,100,25/06/2024,2317.32,InsufficientFunds,CallCenter,3,10,09/08/2024,333.77,TechnicalError,Branch,2,97,107,07/04/2025,,,,,181,01/02/2025,,
300117,04/02/2000,25,Male,66209,8,Medium,2,0,Blocked,07/04/2021,7697.66,TechnicalError,Branch,1,152,22/05/2021,1761.3,InsufficientFunds,Branch,1,86,06/07/2021,6384.19,TechnicalError,Branch,3,13,,,,,,,,,,,,,,,135,31/07/2024,143,14/01/2025,,,,
300118,26/11/1973,53,Other,27692,6,High,1,1,Expired,03/03/2017,280.6,TechnicalError,Branch,1,145,17/04/2017,8665.35,TechnicalError,Branch,3,35,01/06/2017,4028.76,CardExpired,Branch,2,128,,,,,,,,,,,,,108,15/09/2025,,,171,08/10/2025,,,,
300119,23/01/1999,27,Female,36065,2,Medium,4,0,Active,01/08/2022,7580.81,TechnicalError,Branch,2,64,15/09/2022,4908.76,InsufficientFunds,CallCenter,3,169,,,,,,,,,,,,,,,,,,,,,131,07/06/2025,111,16/01/2026,,,,
300120,21/04/1996,30,Female,27810,4,High,1,0,Active,08/02/2024,7755.05,TechnicalError,Branch,1,70,24/03/2024,1864.37,InsufficientFunds,Branch,1,95,,,,,,,,,,,,,,,,,,,193,24/07/2025,,,,,133,18/10/2025,103,14/12/2025
300121,19/04/1963,62,Other,79594,4,High,2,1,Active,08/08/2019,5080.46,InsufficientFunds,Branch,1,68,22/09/2019,1667.05,TechnicalError,CallCenter,3,46,06/11/2019,3055.33,InsufficientFunds,Branch,1,81,,,,,,,,,,,,,,,117,17/09/2024,187,04/10/2024,,,,
300122,17/05/2002,23,Female,94831,7,High,1,1,Active,20/05/2019,4111.99,InsufficientFunds,App,1,86,04/07/2019,1598.84,TechnicalError,Branch,1,102,,,,,,,,,,,,,,,,,,,118,13/03/2025,149,01/03/2025,,,171,30/10/2025,,
300123,01/05/1994,31,Male,81533,2,Low,1,0,Blocked,24/02/2015,2758.53,TechnicalError,Branch,3,82,10/04/2015,9256.07,InsufficientFunds,Branch,3,97,25/05/2015,4248.03,CardExpired,CallCenter,3,130,09/07/2015,3680.84,TechnicalError,Branch,1,154,,,,,,,,,,,,,,,106,06/02/2025
300124,11/08/1953,72,Female,32423,7,Low,3,1,Expired,29/06/2016,9821.79,InsufficientFunds,CallCenter,2,22,13/08/2016,5850.21,CardExpired,Branch,3,52,27/09/2016,9312.85,InsufficientFunds,Branch,1,97,11/11/2016,2099.2,CardExpired,Branch,2,77,26/12/2016,112.23,CardExpired,Branch,3,118,160,17/11/2024,,,130,17/07/2024,,,,
300125,03/01/1994,31,Female,63826,5,High,3,1,Blocked,06/10/2022,6171.75,InsufficientFunds,Branch,1,42,20/11/2022,667.42,CardExpired,CallCenter,2,159,04/01/2023,9391.04,InsufficientFunds,App,1,85,18/02/2023,6754.06,InsufficientFunds,CallCenter,3,166,,,,,,,,,192,23/11/2024,,,,,134,05/01/2025
300126,12/02/1964,61,Male,17795,5,High,1,1,Active,04/06/2021,1377.82,InsufficientFunds,App,1,64,19/07/2021,941.98,CardExpired,App,1,158,02/09/2021,8458.69,TechnicalError,Branch,3,109,17/10/2021,4521.5,TechnicalError,CallCenter,2,54,,,,,,,,,,,,,119,23/03/2025,,
300127,09/02/1941,84,Other,87895,4,Low,3,1,Active,22/02/2023,8429.91,InsufficientFunds,App,1,98,08/04/2023,699.82,CardExpired,CallCenter,3,109,23/05/2023,1872.61,CardExpired,App,2,113,07/07/2023,3672.14,TechnicalError,Branch,2,53,,,,,,,,,,,,,,,,
300128,19/11/1974,51,Other,26676,7,High,1,0,Blocked,19/06/2017,1269.73,TechnicalError,App,1,73,,,,,,,,,,,,,,,,,,,,,,,,,,,167,02/12/2024,,,,,147,09/05/2025
300129,05/07/1988,37,Female,94234,9,Medium,3,1,Expired,26/05/2019,805.92,TechnicalError,App,3,36,,,,,,,,,,,,,,,,,,,,,,,,,,,110,24/12/2024,,,,,,
300130,24/01/1957,68,Female,73416,9,Medium,2,1,Blocked,02/09/2017,9503.6,InsufficientFunds,Branch,1,84,17/10/2017,4950.54,InsufficientFunds,App,1,32,01/12/2017,3476.77,InsufficientFunds,App,2,132,15/01/2018,4906.84,InsufficientFunds,App,2,142,01/03/2018,8338.31,TechnicalError,CallCenter,2,8,199,24/06/2025,,,,,137,11/06/2025,,
300131,04/12/2001,24,Male,82185,9,Medium,2,1,Active,05/11/2015,3537.09,TechnicalError,App,2,86,20/12/2015,7109.9,InsufficientFunds,CallCenter,2,160,03/02/2016,7077.48,TechnicalError,Branch,3,48,19/03/2016,7235.72,TechnicalError,App,2,3,,,,,,,,,169,30/08/2025,,,188,20/12/2024,126,19/05/2025
300132,27/02/1991,35,Other,95392,9,High,2,1,Blocked,10/01/2019,8920.74,InsufficientFunds,App,3,85,24/02/2019,6837.02,TechnicalError,App,1,5,,,,,,,,,,,,,,,,,,,,,,,148,26/11/2025,,,127,31/12/2025
300133,03/07/1990,35,Male,81631,4,Low,1,0,Active,05/12/2015,7082.07,TechnicalError,CallCenter,1,147,,,,,,,,,,,,,,,,,,,,,,,,,,,,,137,08/07/2024,,,132,24/05/2024
300134,12/05/1976,49,Female,84608,9,High,3,0,Blocked,14/08/2020,8518.73,CardExpired,App,1,53,28/09/2020,8701.86,CardExpired,App,2,19,12/11/2020,3879.36,CardExpired,CallCenter,1,94,,,,,,,,,,,,,,,,,,,,,171,08/04/2025
300135,15/05/2006,19,Other,54795,9,Medium,4,0,Expired,05/01/2019,979.22,TechnicalError,App,2,32,19/02/2019,6558.65,InsufficientFunds,Branch,2,76,,,,,,,,,,,,,,,,,,,111,29/05/2024,139,19/02/2025,,,,,151,02/01/2025
300136,12/03/2007,18,Female,45624,9,Medium,4,1,Blocked,02/01/2020,2946.72,CardExpired,App,2,73,16/02/2020,1879.63,CardExpired,CallCenter,2,173,01/04/2020,4183.62,CardExpired,Branch,1,158,16/05/2020,2383.96,TechnicalError,CallCenter,3,179,,,,,,,106,01/01/2025,,,172,20/04/2025,106,17/03/2025,,
300137,14/01/1966,59,Female,10056,7,High,4,0,Expired,31/08/2023,8131.85,InsufficientFunds,Branch,2,116,15/10/2023,1046.68,InsufficientFunds,Branch,1,145,29/11/2023,8675.48,InsufficientFunds,App,2,38,13/01/2024,3299.39,TechnicalError,CallCenter,3,106,,,,,,,,,173,06/08/2025,106,21/07/2025,,,,
300138,12/05/1974,51,Male,82073,3,Low,4,1,Active,30/07/2021,3170.74,InsufficientFunds,Branch,3,147,,,,,,,,,,,,,,,,,,,,,,,,,,,,,,,128,02/03/2025,172,23/07/2025
300139,06/10/1947,79,Other,66582,1,Low,2,0,Active,17/02/2020,5693.47,InsufficientFunds,CallCenter,2,97,,,,,,,,,,,,,,,,,,,,,,,,,150,05/12/2025,,,133,30/12/2025,,,,
300140,02/11/1945,80,Female,13171,6,High,2,0,Active,17/07/2021,6866.12,InsufficientFunds,CallCenter,1,74,31/08/2021,8093.4,CardExpired,App,2,118,,,,,,,,,,,,,,,,,,,,,101,17/01/2025,,,163,22/01/2025,,
300141,17/08/1967,58,Other,38795,1,Medium,3,0,Blocked,09/11/2021,3826.62,CardExpired,CallCenter,2,170,24/12/2021,3028.38,InsufficientFunds,App,1,126,,,,,,,,,,,,,,,,,,,,,,,,,,,178,27/03/2025
300142,06/10/1967,59,Female,36124,2,Low,2,0,Expired,23/03/2024,9568.6,TechnicalError,Branch,1,141,07/05/2024,4261.23,CardExpired,CallCenter,3,84,21/06/2024,5969.68,CardExpired,CallCenter,3,29,05/08/2024,5668.22,TechnicalError,Branch,2,170,,,,,,,,,,,109,09/10/2025,169,20/07/2025,171,18/12/2025
300143,16/02/1967,58,Male,51698,9,Medium,1,1,Active,03/07/2019,896.35,CardExpired,CallCenter,2,79,17/08/2019,9964.72,InsufficientFunds,CallCenter,2,90,,,,,,,,,,,,,,,,,,,,,,,193,31/12/2024,,,,
300144,02/11/1966,59,Female,96421,9,Medium,2,1,Active,24/01/2022,2491.83,TechnicalError,Branch,2,62,10/03/2022,3592.07,CardExpired,App,2,131,24/04/2022,76.56,TechnicalError,CallCenter,1,144,,,,,,,,,,,,,,,,,132,23/01/2025,111,31/07/2024,132,17/12/2024
300145,01/11/1951,74,Male,20381,5,High,2,1,Active,15/12/2017,9900.14,InsufficientFunds,CallCenter,3,35,29/01/2018,2928.19,TechnicalError,CallCenter,1,127,15/03/2018,9596.77,InsufficientFunds,App,1,144,29/04/2018,4343.08,TechnicalError,App,3,159,,,,,,,,,111,06/07/2024,,,,,192,20/05/2024
300146,06/12/1981,44,Male,17560,2,Medium,1,1,Expired,12/05/2023,405.05,TechnicalError,Branch,2,151,26/06/2023,3491.49,CardExpired,App,2,167,10/08/2023,4966.25,CardExpired,Branch,1,177,24/09/2023,4322.6,TechnicalError,App,2,22,,,,,,,,,,,163,04/03/2025,,,,
300147,02/07/2007,18,Female,73152,3,Medium,3,1,Blocked,08/09/2017,986.52,CardExpired,App,1,25,23/10/2017,6381.41,CardExpired,CallCenter,1,177,07/12/2017,9407.93,TechnicalError,App,3,62,,,,,,,,,,,,,,,187,02/12/2024,,,,,,
300148,12/01/1965,60,Female,97130,1,Medium,3,1,Active,27/04/2018,5729.28,CardExpired,App,1,21,11/06/2018,7668.01,CardExpired,Branch,2,17,26/07/2018,2177.48,CardExpired,CallCenter,1,156,09/09/2018,450.36,CardExpired,CallCenter,3,158,24/10/2018,2910.13,TechnicalError,Branch,2,59,186,20/12/2024,,,136,14/11/2024,163,08/09/2024,,
300149,02/06/1987,38,Female,49581,4,Medium,2,0,Blocked,26/10/2018,3353.37,TechnicalError,CallCenter,2,108,,,,,,,,,,,,,,,,,,,,,,,,,159,22/09/2024,,,,,,,184,12/09/2024
300150,16/10/1982,44,Female,67345,6,Medium,3,0,Blocked,30/11/2016,4236.33,TechnicalError,Branch,1,137,14/01/2017,89.93,TechnicalError,App,2,56,,,,,,,,,,,,,,,,,,,,,,,150,23/08/2025,,,171,19/07/2025
300151,17/12/1997,29,Male,58722,1,High,4,0,Active,03/05/2018,8155.91,TechnicalError,CallCenter,1,15,,,,,,,,,,,,,,,,,,,,,,,,,,,,,,,,,,
300152,22/05/1947,78,Male,88918,9,High,1,0,Active,11/05/2024,4242.11,InsufficientFunds,CallCenter,1,28,,,,,,,,,,,,,,,,,,,,,,,,,152,12/06/2024,,,115,30/07/2024,,,160,09/01/2025
300153,13/07/2005,20,Male,45051,2,High,4,1,Expired,27/09/2019,4001.32,TechnicalError,App,1,61,11/11/2019,1508.86,TechnicalError,Branch,2,175,26/12/2019,2216.02,CardExpired,CallCenter,2,63,09/02/2020,5350.31,InsufficientFunds,Branch,1,45,25/03/2020,4420.4,CardExpired,App,2,27,,,124,08/09/2025,,,,,,
300154,12/03/1986,39,Female,12121,6,High,3,0,Active,21/10/2019,4498.18,TechnicalError,Branch,1,141,05/12/2019,8560.62,TechnicalError,App,2,126,19/01/2020,1805,CardExpired,Branch,2,13,,,,,,,,,,,,,,,183,08/01/2025,,,,,165,24/03/2025
300155,13/02/1967,59,Female,17541,9,Low,1,1,Active,21/02/2020,7036.17,TechnicalError,Branch,2,90,,,,,,,,,,,,,,,,,,,,,,,,,153,18/01/2026,,,112,24/05/2025,,,180,07/02/2026
300156,08/05/1959,66,Female,17161,2,Medium,3,1,Blocked,11/05/2021,9877.99,CardExpired,CallCenter,1,31,25/06/2021,8302.66,InsufficientFunds,App,2,136,09/08/2021,2818.31,InsufficientFunds,CallCenter,2,149,,,,,,,,,,,,,,,,,184,12/08/2024,,,,
300157,10/06/1996,29,Other,12723,8,Medium,1,0,Expired,28/11/2022,4043.94,CardExpired,CallCenter,2,39,12/01/2023,2429.94,InsufficientFunds,Branch,2,56,26/02/2023,2017.03,CardExpired,App,2,46,,,,,,,,,,,,,,,157,29/01/2024,174,25/05/2024,,,189,28/06/2024
300158,04/06/1963,62,Other,15454,4,High,4,0,Blocked,03/10/2022,7767.1,CardExpired,Branch,1,24,,,,,,,,,,,,,,,,,,,,,,,,,146,05/01/2025,160,08/09/2024,133,27/01/2025,,,,
300159,24/08/1996,29,Other,23857,2,Low,3,0,Expired,07/07/2020,3442.96,InsufficientFunds,App,2,51,21/08/2020,794.17,InsufficientFunds,CallCenter,2,179,05/10/2020,3545.34,CardExpired,Branch,1,130,19/11/2020,9651.75,InsufficientFunds,CallCenter,3,34,,,,,,,,,,,180,26/10/2024,,,167,24/10/2024
300160,24/02/1963,63,Male,17174,2,Medium,4,1,Active,14/04/2023,2073.39,TechnicalError,App,3,176,29/05/2023,9050.58,CardExpired,App,2,58,13/07/2023,2479.03,InsufficientFunds,App,3,30,27/08/2023,6395.86,CardExpired,App,1,68,11/10/2023,5235.36,InsufficientFunds,App,3,141,128,14/09/2025,,,133,25/09/2025,,,,
300161,22/02/1974,52,Other,26881,5,Medium,1,1,Blocked,12/11/2015,8179.7,InsufficientFunds,Branch,3,174,27/12/2015,8744.33,InsufficientFunds,Branch,1,163,10/02/2016,2714.03,InsufficientFunds,Branch,3,28,26/03/2016,4329.29,TechnicalError,App,2,20,10/05/2016,4575.02,TechnicalError,Branch,2,6,145,24/01/2026,192,19/08/2025,180,11/07/2025,122,15/12/2025,155,20/06/2025
300162,10/04/1969,56,Other,16326,6,Medium,3,0,Active,13/10/2022,9943.76,TechnicalError,CallCenter,3,95,27/11/2022,4269.4,InsufficientFunds,CallCenter,2,3,11/01/2023,937.93,InsufficientFunds,Branch,3,169,25/02/2023,5339.61,TechnicalError,App,3,49,11/04/2023,3587.52,CardExpired,App,2,37,161,08/07/2024,191,09/10/2024,,,185,22/08/2024,,
300163,11/09/1961,64,Other,75183,1,Low,1,1,Active,15/11/2022,5816.97,TechnicalError,CallCenter,3,123,,,,,,,,,,,,,,,,,,,,,,,,,,,,,,,,,,
300164,11/06/1987,38,Female,17850,8,High,3,1,Blocked,01/01/2018,4842.18,InsufficientFunds,Branch,2,173,15/02/2018,6975.55,TechnicalError,App,1,81,,,,,,,,,,,,,,,,,,,,,,,,,,,194,13/11/2024
300165,12/05/1982,43,Male,60831,3,Low,1,0,Expired,18/03/2021,2185.55,CardExpired,App,1,110,02/05/2021,1784.6,InsufficientFunds,Branch,1,84,,,,,,,,,,,,,,,,,,,,,131,06/02/2025,,,143,29/04/2025,152,09/05/2025
300166,26/08/1988,38,Male,32134,9,High,2,0,Expired,13/06/2021,2577.94,TechnicalError,Branch,3,161,,,,,,,,,,,,,,,,,,,,,,,,,,,151,13/05/2026,179,11/08/2025,,,,
300167,23/07/1967,59,Female,58146,2,High,4,1,Blocked,01/10/2024,5721.29,TechnicalError,App,2,87,15/11/2024,7390.12,InsufficientFunds,App,3,75,,,,,,,,,,,,,,,,,,,,,,,,,136,23/02/2026,,
300168,11/12/1986,39,Male,29304,7,Medium,1,0,Blocked,28/05/2023,163.72,TechnicalError,Branch,2,120,12/07/2023,7197.44,InsufficientFunds,Branch,3,51,26/08/2023,618.16,TechnicalError,App,2,1,10/10/2023,3443.55,InsufficientFunds,App,2,12,24/11/2023,9810.15,TechnicalError,App,2,127,198,06/08/2024,,,185,18/04/2025,113,01/12/2024,,
300169,04/06/2007,19,Other,72236,2,Medium,3,0,Blocked,19/12/2021,6577.8,TechnicalError,CallCenter,2,165,02/02/2022,8100.4,TechnicalError,Branch,3,88,19/03/2022,6156.87,TechnicalError,CallCenter,3,77,03/05/2022,1690.9,TechnicalError,Branch,2,48,,,,,,,,,,,,,163,30/05/2025,112,12/05/2025
300170,16/09/1973,52,Other,22592,5,Low,1,0,Blocked,30/01/2019,7896.06,InsufficientFunds,App,2,32,16/03/2019,6847.57,CardExpired,Branch,2,129,30/04/2019,5401.09,TechnicalError,CallCenter,3,28,,,,,,,,,,,,,,,,,,,133,14/12/2024,,
300171,09/06/1997,28,Female,57733,9,Low,1,1,Blocked,21/02/2016,3199.07,CardExpired,CallCenter,1,118,06/04/2016,2066.86,TechnicalError,App,1,161,21/05/2016,6552.78,InsufficientFunds,App,1,19,,,,,,,,,,,,,130,24/11/2024,,,,,132,12/10/2024,,
300172,16/02/1967,58,Other,86423,9,Low,4,1,Blocked,19/10/2019,3411.84,InsufficientFunds,Branch,1,129,,,,,,,,,,,,,,,,,,,,,,,,,,,,,,,189,02/07/2025,,
300173,01/11/2002,23,Male,42562,3,Medium,2,1,Blocked,14/07/2016,4749.1,CardExpired,CallCenter,2,98,28/08/2016,6900.67,InsufficientFunds,CallCenter,1,5,12/10/2016,2120.33,InsufficientFunds,CallCenter,2,96,26/11/2016,3772.37,CardExpired,CallCenter,2,55,,,,,,,,,165,08/09/2025,138,17/10/2025,,,,
300174,25/12/1946,80,Other,95231,3,Low,1,1,Active,06/04/2022,8563.88,CardExpired,Branch,3,93,21/05/2022,9128.26,InsufficientFunds,App,2,89,05/07/2022,3588,InsufficientFunds,App,1,74,,,,,,,,,,,,,,,114,06/03/2025,,,142,30/06/2025,154,28/11/2025
300175,17/03/1953,73,Male,34864,6,High,1,1,Active,08/06/2018,8939.06,TechnicalError,Branch,3,60,23/07/2018,1009.57,CardExpired,Branch,2,98,06/09/2018,1598.22,CardExpired,App,3,60,,,,,,,,,,,,,,,,,,,,,,
300176,06/02/1996,29,Other,40635,3,Low,1,1,Active,08/08/2020,6603.57,CardExpired,App,1,41,22/09/2020,9296.9,InsufficientFunds,Branch,2,54,06/11/2020,205.81,TechnicalError,Branch,3,59,,,,,,,,,,,,,,,,,177,30/09/2024,141,26/02/2025,,
300177,02/03/1968,57,Male,94936,3,Low,2,1,Active,17/04/2016,8744.2,InsufficientFunds,App,1,28,01/06/2016,5550.19,InsufficientFunds,Branch,2,170,,,,,,,,,,,,,,,,,,,,,103,24/04/2024,,,,,,
300178,27/03/2006,19,Female,15138,6,Low,1,0,Blocked,18/06/2018,5982.42,TechnicalError,CallCenter,2,86,02/08/2018,4926.36,InsufficientFunds,App,2,168,16/09/2018,1046.16,InsufficientFunds,App,2,67,31/10/2018,9297.83,CardExpired,Branch,1,141,15/12/2018,8423.03,InsufficientFunds,App,3,69,,,106,18/09/2024,174,05/05/2024,117,20/07/2024,,
300179,20/10/1953,73,Female,58877,6,High,2,1,Expired,10/04/2020,3355.37,TechnicalError,App,3,49,25/05/2020,4980.06,TechnicalError,Branch,1,139,09/07/2020,2873.08,InsufficientFunds,App,2,127,23/08/2020,4378.13,InsufficientFunds,CallCenter,2,64,07/10/2020,7563.33,CardExpired,Branch,2,119,,,,,101,20/08/2025,136,02/07/2025,,
300180,27/05/1976,50,Other,82043,1,Medium,1,0,Blocked,24/01/2019,4409.69,InsufficientFunds,Branch,3,169,10/03/2019,2781.48,TechnicalError,CallCenter,2,46,24/04/2019,8018.09,CardExpired,Branch,1,144,08/06/2019,5551.48,InsufficientFunds,App,3,67,,,,,,,,,,,,,,,,
300181,05/12/1973,53,Other,40836,2,High,4,0,Active,30/10/2019,8266.99,TechnicalError,CallCenter,1,85,,,,,,,,,,,,,,,,,,,,,,,,,,,,,,,157,21/09/2025,131,26/10/2025
300182,06/06/1975,50,Other,87894,9,Low,3,0,Expired,04/11/2021,1889.59,CardExpired,CallCenter,2,152,,,,,,,,,,,,,,,,,,,,,,,,,,,,,,,,,,
300183,12/07/1959,66,Other,97947,1,Medium,3,0,Expired,13/08/2019,2028.09,InsufficientFunds,Branch,3,71,27/09/2019,9302.2,InsufficientFunds,Branch,1,1,,,,,,,,,,,,,,,,,,,188,26/09/2024,136,16/09/2024,121,31/05/2025,156,19/09/2024,,
300184,10/06/2003,22,Other,81718,3,Medium,3,1,Expired,04/09/2018,714.52,CardExpired,CallCenter,1,27,19/10/2018,4376.01,InsufficientFunds,Branch,2,37,03/12/2018,7971.4,CardExpired,App,3,7,17/01/2019,1973.39,CardExpired,Branch,1,52,,,,,,,,,,,199,11/11/2024,,,,
300185,26/06/1963,63,Male,80541,4,Medium,4,0,Active,20/03/2024,1815.24,CardExpired,CallCenter,1,83,,,,,,,,,,,,,,,,,,,,,,,,,166,28/01/2026,,,,,,,,
300186,18/04/1964,61,Female,46752,4,Low,4,1,Blocked,29/06/2016,7174.83,CardExpired,App,3,37,13/08/2016,5942.01,CardExpired,App,3,74,27/09/2016,3852.89,InsufficientFunds,App,2,35,11/11/2016,1340.88,TechnicalError,App,3,55,26/12/2016,4303.87,TechnicalError,App,3,14,,,158,09/02/2025,,,,,160,21/05/2025
300187,25/01/1961,64,Other,14829,4,Low,4,0,Active,07/12/2015,4235.78,CardExpired,App,1,122,21/01/2016,8465.47,TechnicalError,CallCenter,2,104,,,,,,,,,,,,,,,,,,,156,13/02/2025,,,151,02/06/2025,167,09/06/2025,,
300188,06/09/1972,54,Female,21510,3,Low,2,1,Blocked,11/11/2016,6455.52,CardExpired,CallCenter,3,66,,,,,,,,,,,,,,,,,,,,,,,,,158,18/11/2025,,,118,15/08/2025,169,15/01/2026,,
300189,23/01/1985,40,Male,94056,5,High,3,1,Expired,29/07/2015,1444.42,InsufficientFunds,Branch,2,150,12/09/2015,2931.34,TechnicalError,CallCenter,3,48,,,,,,,,,,,,,,,,,,,,,110,02/04/2025,157,12/08/2024,,,179,29/07/2024
300190,11/09/1964,62,Female,84652,7,High,4,1,Blocked,10/12/2021,4656.14,CardExpired,Branch,3,77,,,,,,,,,,,,,,,,,,,,,,,,,103,14/07/2025,103,26/04/2025,140,19/09/2025,113,27/07/2025,,
300191,23/03/1956,69,Other,35986,3,High,2,1,Blocked,28/04/2021,7388.67,CardExpired,Branch,3,111,12/06/2021,8489.23,InsufficientFunds,Branch,2,138,27/07/2021,1960.99,CardExpired,App,3,23,10/09/2021,4630.3,CardExpired,Branch,2,84,,,,,,,139,09/01/2025,145,15/02/2025,161,28/04/2025,197,03/09/2025,163,14/04/2025
300192,23/09/1952,73,Male,53429,5,Medium,3,0,Expired,07/02/2025,1539.91,CardExpired,CallCenter,3,126,,,,,,,,,,,,,,,,,,,,,,,,,,,166,17/06/2024,,,111,05/08/2024,,
300193,16/06/1962,63,Male,42066,7,Low,2,1,Active,26/12/2017,5010.6,InsufficientFunds,Branch,1,122,09/02/2018,3945.01,InsufficientFunds,CallCenter,1,72,26/03/2018,275.4,InsufficientFunds,Branch,1,138,10/05/2018,8859.35,CardExpired,CallCenter,3,96,,,,,,,,,,,194,02/05/2025,,,,
300194,21/06/1984,41,Other,62680,8,Low,3,0,Active,04/02/2017,9465.53,TechnicalError,App,1,34,21/03/2017,6293.52,TechnicalError,CallCenter,3,154,05/05/2017,6670.47,CardExpired,Branch,3,51,,,,,,,,,,,,,128,08/04/2025,120,16/02/2025,,,155,06/03/2025,,
300195,04/07/1962,63,Other,14502,2,Medium,3,1,Blocked,13/08/2017,4185.2,InsufficientFunds,CallCenter,3,70,27/09/2017,2245.79,CardExpired,Branch,3,66,11/11/2017,374.33,CardExpired,App,3,78,26/12/2017,2065.16,InsufficientFunds,CallCenter,1,74,,,,,,,,,,,,,146,22/08/2024,,
300196,07/02/1969,56,Male,81915,2,High,4,1,Blocked,13/02/2021,7572.75,CardExpired,App,2,77,30/03/2021,4135.45,CardExpired,CallCenter,1,79,,,,,,,,,,,,,,,,,,,109,12/11/2024,,,,,116,11/11/2024,,
300197,02/06/1987,39,Male,52198,9,Medium,2,0,Active,18/11/2020,6044.83,InsufficientFunds,Branch,3,133,02/01/2021,4122.67,CardExpired,Branch,3,154,16/02/2021,6818.86,CardExpired,Branch,3,84,,,,,,,,,,,,,,,129,08/07/2025,111,25/05/2025,,,,
300198,05/12/1948,77,Other,81359,4,Medium,3,1,Active,28/06/2022,7313.09,TechnicalError,App,3,127,,,,,,,,,,,,,,,,,,,,,,,,,,,154,06/04/2025,,,164,03/01/2025,,
300199,26/09/1969,56,Other,52237,1,Medium,4,1,Blocked,14/07/2015,4639.75,InsufficientFunds,CallCenter,1,127,28/08/2015,2637.34,TechnicalError,Branch,2,81,12/10/2015,2672.03,CardExpired,CallCenter,3,133,,,,,,,,,,,,,,,,,,,,,,
300200,07/07/1973,53,Male,38657,4,High,1,0,Expired,30/07/2025,8944.36,CardExpired,Branch,2,143,13/09/2025,8165.96,TechnicalError,Branch,1,108,28/10/2025,3313.29,InsufficientFunds,App,1,59,12/12/2025,907.15,CardExpired,CallCenter,1,110,,,,,,,,,136,03/04/2025,150,18/08/2025,,,,
300201,16/02/1957,68,Other,87409,9,Low,1,0,Expired,31/10/2023,4818.45,InsufficientFunds,CallCenter,1,11,15/12/2023,8113.67,TechnicalError,CallCenter,3,85,,,,,,,,,,,,,,,,,,,134,13/10/2024,102,31/08/2024,,,,,,
300202,09/09/1958,67,Female,81463,6,Low,4,1,Active,17/06/2020,6183.16,CardExpired,CallCenter,1,120,,,,,,,,,,,,,,,,,,,,,,,,,122,24/07/2025,117,09/12/2024,144,11/05/2025,151,05/04/2025,,
300203,13/07/1973,52,Female,46934,8,Low,3,0,Expired,21/03/2019,9012.07,CardExpired,Branch,3,49,,,,,,,,,,,,,,,,,,,,,,,,,122,10/08/2024,,,160,20/03/2025,,,,
300204,08/12/2004,21,Male,45617,8,Low,4,0,Blocked,10/11/2017,440.44,InsufficientFunds,CallCenter,2,14,25/12/2017,7924.68,CardExpired,CallCenter,1,177,,,,,,,,,,,,,,,,,,,,,183,17/06/2025,,,,,138,23/02/2025
300205,22/01/1963,63,Male,49417,5,High,2,1,Expired,20/07/2023,5019.18,CardExpired,App,1,71,03/09/2023,3423.44,InsufficientFunds,Branch,1,38,18/10/2023,7753.66,CardExpired,CallCenter,2,69,02/12/2023,6511.58,CardExpired,Branch,1,71,16/01/2024,172.47,TechnicalError,App,3,99,,,,,,,,,173,24/08/2025
300206,26/02/1954,71,Other,83665,9,Low,1,0,Active,28/06/2023,5122.34,InsufficientFunds,Branch,2,153,,,,,,,,,,,,,,,,,,,,,,,,,,,,,,,112,24/10/2024,160,15/10/2024
300207,11/07/2001,25,Male,55640,3,Low,3,1,Expired,24/06/2019,9512.39,TechnicalError,App,3,40,08/08/2019,4425.49,CardExpired,Branch,1,43,22/09/2019,3061.54,TechnicalError,Branch,1,63,06/11/2019,8069.38,CardExpired,CallCenter,1,97,21/12/2019,7044.84,TechnicalError,Branch,2,167,,,121,17/05/2025,,,,,102,21/11/2025
300208,04/08/1948,78,Female,51865,6,Low,3,0,Active,14/04/2025,4185.46,TechnicalError,Branch,3,25,29/05/2025,5677.61,TechnicalError,Branch,2,59,13/07/2025,2475.62,CardExpired,Branch,1,18,,,,,,,,,,,,,,,,,168,28/09/2025,,,,
300209,03/08/1947,78,Female,25624,4,Medium,3,0,Active,11/06/2017,9350.32,InsufficientFunds,App,1,56,26/07/2017,7882.38,CardExpired,Branch,3,35,,,,,,,,,,,,,,,,,,,155,27/09/2024,158,03/06/2024,,,155,29/08/2024,,
300210,02/11/1999,26,Other,60720,7,Medium,3,1,Active,04/03/2025,3349.99,CardExpired,App,1,165,,,,,,,,,,,,,,,,,,,,,,,,,137,14/11/2024,194,22/07/2024,131,26/04/2025,150,27/09/2024,,
300211,06/06/1969,56,Female,58163,2,Medium,3,0,Active,26/11/2023,5226.7,TechnicalError,CallCenter,3,24,,,,,,,,,,,,,,,,,,,,,,,,,,,,,190,30/08/2024,121,04/06/2024,112,01/04/2024
300212,06/08/1965,60,Female,75633,3,Low,2,1,Active,11/09/2017,1285.73,TechnicalError,CallCenter,3,18,,,,,,,,,,,,,,,,,,,,,,,,,,,,,,,,,119,03/08/2025
300213,23/05/1944,82,Female,88933,1,Medium,2,1,Expired,08/07/2018,8966.74,TechnicalError,Branch,3,134,,,,,,,,,,,,,,,,,,,,,,,,,,,,,,,,,,
300214,08/11/1973,52,Male,19438,6,Medium,3,0,Expired,12/06/2024,5914.29,InsufficientFunds,Branch,3,59,,,,,,,,,,,,,,,,,,,,,,,,,,,,,,,126,24/08/2024,,
300215,24/12/1954,71,Male,58067,2,Medium,1,1,Blocked,20/10/2021,7917.69,CardExpired,Branch,3,18,04/12/2021,2180.78,InsufficientFunds,Branch,1,56,18/01/2022,1006.47,CardExpired,App,3,83,04/03/2022,9908.3,TechnicalError,CallCenter,3,76,18/04/2022,2884.54,CardExpired,Branch,2,118,,,,,,,134,21/07/2025,,
300216,07/12/1944,81,Female,74615,7,Medium,1,0,Expired,21/05/2021,4189.08,CardExpired,CallCenter,2,117,05/07/2021,6702.9,InsufficientFunds,CallCenter,1,91,19/08/2021,6131.46,TechnicalError,Branch,3,3,03/10/2021,9138.97,CardExpired,Branch,1,110,17/11/2021,3669.69,CardExpired,Branch,1,112,187,15/06/2025,170,04/06/2025,,,143,14/07/2025,,
300217,17/06/1968,57,Male,71442,3,Medium,4,0,Active,29/12/2017,5703.18,TechnicalError,CallCenter,2,90,12/02/2018,55.19,InsufficientFunds,App,2,21,29/03/2018,3470.72,TechnicalError,Branch,3,142,,,,,,,,,,,,,,,,,132,18/07/2024,181,26/04/2024,,
300218,12/03/1950,75,Female,14943,9,Medium,3,1,Expired,21/09/2018,1436.91,CardExpired,App,1,32,05/11/2018,2208.12,InsufficientFunds,App,2,71,20/12/2018,6107.29,CardExpired,Branch,1,150,03/02/2019,6714.81,InsufficientFunds,App,2,35,20/03/2019,6717.64,CardExpired,CallCenter,2,133,,,156,24/11/2024,,,138,25/02/2025,,
300219,22/01/1999,26,Other,38027,9,Medium,3,1,Active,19/07/2016,2223.27,InsufficientFunds,Branch,1,26,02/09/2016,9307.21,TechnicalError,CallCenter,1,48,17/10/2016,3134.67,InsufficientFunds,CallCenter,3,2,,,,,,,,,,,,,,,,,,,174,02/07/2024,161,02/05/2024
300220,20/07/1955,70,Female,13156,4,High,3,1,Expired,10/02/2016,8932.43,TechnicalError,CallCenter,3,80,26/03/2016,3037.6,CardExpired,Branch,3,59,10/05/2016,1347.01,TechnicalError,Branch,3,47,,,,,,,,,,,,,118,19/09/2025,,,,,,,159,13/08/2025
300221,16/07/1951,75,Female,68476,6,High,1,1,Blocked,31/05/2019,941.5,InsufficientFunds,App,3,52,15/07/2019,3490.77,InsufficientFunds,App,2,100,,,,,,,,,,,,,,,,,,,,,,,,,,,,
300222,01/08/1950,76,Male,19157,9,High,4,0,Blocked,25/11/2022,4731.42,InsufficientFunds,CallCenter,2,137,09/01/2023,4217.32,CardExpired,Branch,3,130,,,,,,,,,,,,,,,,,,,,,,,113,30/06/2025,179,24/08/2025,176,17/10/2025
300223,01/01/1958,68,Other,70627,4,High,3,1,Active,02/09/2025,8291.96,InsufficientFunds,CallCenter,2,69,17/10/2025,9808.68,TechnicalError,Branch,3,166,,,,,,,,,,,,,,,,,,,119,30/08/2025,161,12/07/2025,,,,,198,03/11/2025
300224,24/08/1986,39,Female,25600,2,Medium,2,0,Expired,28/11/2018,7117.63,InsufficientFunds,CallCenter,3,64,12/01/2019,5457.99,InsufficientFunds,Branch,1,42,26/02/2019,8427.48,TechnicalError,CallCenter,2,97,12/04/2019,3658.23,CardExpired,App,1,169,27/05/2019,4108.75,TechnicalError,Branch,2,91,,,,,,,150,21/06/2025,,
300225,03/06/1997,28,Male,83954,4,Medium,2,1,Expired,30/10/2021,3525.96,CardExpired,Branch,2,96,14/12/2021,8308.16,TechnicalError,CallCenter,3,177,28/01/2022,1490.88,TechnicalError,CallCenter,2,17,14/03/2022,7453.85,TechnicalError,App,1,84,28/04/2022,6764.58,TechnicalError,CallCenter,3,70,111,13/02/2025,,,153,06/07/2024,,,179,24/09/2024
300226,21/04/1988,37,Female,39631,6,Medium,1,0,Blocked,25/08/2021,1511.79,InsufficientFunds,CallCenter,1,14,09/10/2021,740.47,CardExpired,App,1,44,23/11/2021,4048.35,TechnicalError,App,3,44,07/01/2022,1428.15,TechnicalError,Branch,3,99,,,,,,,155,03/02/2025,,,,,115,13/05/2025,,
300227,27/01/1969,56,Male,48345,4,Low,2,1,Blocked,20/06/2019,2467.99,TechnicalError,CallCenter,2,118,04/08/2019,4938.3,TechnicalError,App,1,175,18/09/2019,255.51,TechnicalError,App,3,17,,,,,,,,,,,,,,,,,,,109,05/03/2025,,
300228,26/04/2002,23,Other,91995,8,Low,2,0,Active,18/09/2024,999.06,TechnicalError,CallCenter,3,99,02/11/2024,3846.29,CardExpired,App,1,162,,,,,,,,,,,,,,,,,,,139,06/11/2024,141,21/09/2025,184,27/06/2025,,,,
300229,14/07/1996,29,Other,14685,7,High,1,1,Blocked,09/09/2015,6030.52,InsufficientFunds,App,1,126,24/10/2015,4725.54,TechnicalError,CallCenter,2,148,08/12/2015,2335.82,CardExpired,Branch,2,24,,,,,,,,,,,,,128,24/03/2025,,,,,,,197,05/04/2025
300230,26/10/1958,68,Male,72928,4,High,4,0,Active,02/03/2020,7536.57,CardExpired,Branch,1,55,16/04/2020,189.36,CardExpired,CallCenter,3,105,31/05/2020,6033.96,TechnicalError,CallCenter,2,48,,,,,,,,,,,,,,,176,23/05/2025,,,,,,
300231,04/01/1970,56,Female,73259,1,High,4,1,Active,30/07/2018,6306.92,InsufficientFunds,App,3,44,,,,,,,,,,,,,,,,,,,,,,,,,,,158,02/05/2026,116,10/08/2025,,,,
300232,10/03/1959,67,Female,69349,9,High,1,1,Blocked,31/08/2020,7772.02,TechnicalError,Branch,1,42,15/10/2020,6869.02,CardExpired,Branch,3,95,,,,,,,,,,,,,,,,,,,,,186,19/07/2025,128,26/07/2025,,,,
300233,13/10/1988,37,Male,99683,6,Medium,1,0,Active,26/12/2015,7610.19,CardExpired,Branch,3,35,09/02/2016,1940.92,InsufficientFunds,Branch,2,144,,,,,,,,,,,,,,,,,,,,,,,,,151,01/12/2024,,
300234,18/01/1993,32,Other,36755,6,High,1,1,Active,23/04/2021,3258.44,TechnicalError,CallCenter,3,8,,,,,,,,,,,,,,,,,,,,,,,,,113,27/01/2025,,,,,139,17/10/2024,,
300235,17/08/2002,24,Other,52211,3,Low,1,1,Blocked,25/02/2023,5160.06,CardExpired,CallCenter,3,50,11/04/2023,6723.31,InsufficientFunds,Branch,1,58,26/05/2023,3713.43,CardExpired,App,1,74,10/07/2023,5832.33,CardExpired,CallCenter,2,151,24/08/2023,4281.9,CardExpired,App,3,153,,,181,02/05/2025,,,,,,
300236,24/07/1991,35,Male,29311,3,Medium,4,0,Expired,24/11/2021,9146.36,TechnicalError,Branch,3,7,08/01/2022,804.88,CardExpired,App,1,156,22/02/2022,2890.62,InsufficientFunds,Branch,2,29,,,,,,,,,,,,,,,151,18/04/2025,,,,,,
300237,17/12/1985,40,Female,12845,4,High,1,0,Blocked,20/03/2019,6669.66,TechnicalError,App,3,158,,,,,,,,,,,,,,,,,,,,,,,,,,,,,157,19/04/2025,,,,
300238,01/02/2003,23,Male,50608,3,High,4,1,Blocked,21/08/2025,6183.97,CardExpired,Branch,1,17,05/10/2025,9491.82,CardExpired,CallCenter,3,166,,,,,,,,,,,,,,,,,,,100,14/07/2025,,,,,142,29/12/2025,178,27/05/2025
300239,09/08/1990,36,Male,90850,5,High,2,1,Active,23/10/2018,7559.36,InsufficientFunds,App,2,80,07/12/2018,1751.72,InsufficientFunds,App,1,95,21/01/2019,9537.74,TechnicalError,Branch,3,63,07/03/2019,3818.74,TechnicalError,App,3,26,,,,,,,,,125,26/04/2025,193,03/01/2026,,,170,14/02/2025
300240,25/12/1961,64,Male,60498,4,Medium,1,1,Expired,04/07/2024,3640.82,TechnicalError,Branch,2,105,18/08/2024,449.59,InsufficientFunds,App,2,52,,,,,,,,,,,,,,,,,,,170,15/05/2025,,,,,,,,
300241,15/02/1995,30,Male,47119,8,Low,4,0,Active,18/10/2020,839.55,InsufficientFunds,App,3,159,,,,,,,,,,,,,,,,,,,,,,,,,108,12/02/2025,199,15/02/2025,,,,,121,01/06/2025
300242,21/03/1985,40,Other,45620,6,Low,4,1,Active,04/11/2020,9160.9,InsufficientFunds,App,2,168,19/12/2020,4253.48,TechnicalError,App,2,1,,,,,,,,,,,,,,,,,,,,,,,,,,,,
300243,22/02/1992,34,Female,23772,6,Low,3,0,Expired,08/01/2025,970.87,CardExpired,CallCenter,3,134,22/02/2025,8080.71,CardExpired,CallCenter,3,18,08/04/2025,536.09,CardExpired,CallCenter,2,169,,,,,,,,,,,,,168,02/09/2025,,,161,16/10/2025,128,24/03/2026,159,30/12/2025
300244,08/07/1972,53,Other,11455,7,Low,1,0,Blocked,26/02/2018,5255.21,TechnicalError,CallCenter,1,93,12/04/2018,7717.89,TechnicalError,App,3,115,,,,,,,,,,,,,,,,,,,,,,,,,,,,
300245,13/04/1955,71,Other,18574,1,High,1,1,Blocked,06/01/2020,9523.35,TechnicalError,CallCenter,2,102,20/02/2020,4037.99,TechnicalError,App,2,179,05/04/2020,934.28,InsufficientFunds,App,3,66,,,,,,,,,,,,,,,,,151,15/10/2025,,,,
300246,18/09/1944,81,Other,43141,4,Medium,4,1,Blocked,21/12/2021,665.88,InsufficientFunds,App,2,1,,,,,,,,,,,,,,,,,,,,,,,,,,,,,145,30/03/2024,186,02/04/2024,,
300247,10/03/1968,57,Female,88781,1,Medium,2,1,Active,31/01/2021,5055.03,CardExpired,App,2,55,17/03/2021,2766.99,InsufficientFunds,Branch,2,28,,,,,,,,,,,,,,,,,,,148,20/11/2024,141,06/11/2024,114,22/10/2024,,,,
300248,24/09/1988,38,Male,30660,2,Low,2,1,Blocked,24/07/2025,4358.12,TechnicalError,App,1,99,,,,,,,,,,,,,,,,,,,,,,,,,135,03/01/2026,,,129,15/09/2025,,,171,05/06/2025
300249,24/11/1959,66,Male,48173,3,Medium,3,1,Blocked,10/02/2023,5620.57,InsufficientFunds,CallCenter,1,131,27/03/2023,6259.37,CardExpired,Branch,1,167,11/05/2023,6382.77,CardExpired,App,1,46,25/06/2023,3801.2,TechnicalError,CallCenter,2,126,,,,,,,,,160,08/08/2024,,,120,17/08/2024,,
300250,19/09/1953,72,Other,49026,2,Low,3,0,Expired,03/09/2020,1871.4,CardExpired,App,1,97,18/10/2020,8171.4,InsufficientFunds,App,1,140,,,,,,,,,,,,,,,,,,,,,,,,,104,20/06/2025,,
300251,02/10/1973,52,Male,90514,8,Medium,1,0,Active,21/01/2023,3228.04,InsufficientFunds,CallCenter,3,98,07/03/2023,1171.79,TechnicalError,Branch,2,8,21/04/2023,6257.17,InsufficientFunds,App,3,43,,,,,,,,,,,,,,,126,09/01/2025,137,11/04/2025,,,122,24/11/2024
300252,05/05/1982,43,Male,21159,4,Low,2,1,Expired,06/05/2019,5987.91,CardExpired,CallCenter,1,14,20/06/2019,8994.53,InsufficientFunds,CallCenter,1,56,04/08/2019,9099.23,InsufficientFunds,CallCenter,3,108,18/09/2019,8793.6,InsufficientFunds,App,3,26,02/11/2019,2734.13,TechnicalError,App,2,174,,,,,185,08/05/2024,167,17/10/2024,192,08/12/2024
300253,20/09/1950,75,Female,87297,8,Low,4,0,Blocked,31/12/2015,8162,TechnicalError,App,3,90,14/02/2016,9465.17,TechnicalError,Branch,3,70,30/03/2016,8027.59,TechnicalError,Branch,1,123,14/05/2016,2531.11,InsufficientFunds,Branch,2,64,,,,,,,,,,,,,,,,
300254,01/07/2000,25,Male,41078,6,Low,4,0,Active,27/05/2016,7582.35,CardExpired,Branch,1,58,11/07/2016,4342.6,InsufficientFunds,Branch,2,97,25/08/2016,4309.47,TechnicalError,App,3,22,09/10/2016,4556.82,InsufficientFunds,CallCenter,1,82,23/11/2016,7985.2,TechnicalError,App,3,150,198,24/11/2024,,,163,17/08/2024,,,159,21/05/2024
300255,17/07/1958,67,Male,29998,3,High,2,0,Active,05/11/2020,8413.67,InsufficientFunds,CallCenter,1,106,20/12/2020,8797.07,TechnicalError,App,2,32,,,,,,,,,,,,,,,,,,,,,151,28/04/2025,,,192,25/02/2025,170,01/05/2025
300256,14/10/1960,65,Other,11438,1,Medium,3,1,Active,09/11/2017,4409.69,TechnicalError,App,2,79,,,,,,,,,,,,,,,,,,,,,,,,,139,18/11/2024,,,,,140,25/11/2024,129,24/09/2024
300257,17/07/1979,46,Other,77811,9,High,2,1,Blocked,21/11/2018,7815.56,TechnicalError,CallCenter,1,118,05/01/2019,6603.91,CardExpired,Branch,2,142,19/02/2019,590.91,InsufficientFunds,App,3,102,05/04/2019,1628.28,InsufficientFunds,App,1,90,,,,,,,189,02/02/2025,103,17/09/2025,,,,,,
300258,26/01/1949,76,Female,58472,8,Low,1,0,Blocked,18/04/2015,743.3,CardExpired,CallCenter,2,19,02/06/2015,2493.35,TechnicalError,App,2,179,17/07/2015,5354.61,TechnicalError,CallCenter,1,104,31/08/2015,9468.19,CardExpired,CallCenter,2,75,,,,,,,154,07/07/2024,108,28/08/2024,171,13/10/2024,134,24/02/2024,132,11/04/2024
300259,23/07/1964,62,Other,32299,7,Low,1,1,Blocked,26/08/2018,3614.12,CardExpired,App,1,167,10/10/2018,7836.11,TechnicalError,App,1,21,24/11/2018,852.3,TechnicalError,App,3,36,,,,,,,,,,,,,,,,,193,21/12/2025,,,,
300260,20/06/1953,73,Male,91730,5,Low,1,1,Active,14/09/2019,5731.71,TechnicalError,Branch,1,85,29/10/2019,3199.12,InsufficientFunds,Branch,3,66,13/12/2019,6989.57,InsufficientFunds,CallCenter,2,52,,,,,,,,,,,,,151,23/11/2025,,,,,180,24/05/2025,,
300261,19/03/1979,46,Other,25082,6,Medium,3,1,Expired,30/10/2024,4750.95,InsufficientFunds,Branch,2,177,14/12/2024,5908.3,TechnicalError,Branch,3,40,,,,,,,,,,,,,,,,,,,120,10/12/2024,,,171,23/02/2025,,,,
300262,14/05/1983,43,Male,76547,2,Low,3,1,Blocked,02/10/2022,4646.92,InsufficientFunds,CallCenter,1,174,,,,,,,,,,,,,,,,,,,,,,,,,134,21/04/2025,,,197,15/12/2025,,,,
300263,21/01/1993,32,Male,66196,6,Medium,4,0,Blocked,07/06/2017,255.93,TechnicalError,App,1,20,22/07/2017,4956.56,InsufficientFunds,CallCenter,3,5,,,,,,,,,,,,,,,,,,,,,114,02/08/2024,109,27/06/2024,,,110,10/11/2024
300264,11/02/1987,39,Male,68531,2,High,2,1,Expired,06/11/2025,5114.38,TechnicalError,App,3,133,21/12/2025,6739.37,TechnicalError,CallCenter,2,157,,,,,,,,,,,,,,,,,,,,,,,112,10/01/2026,,,,
300265,05/06/1948,77,Male,65832,9,Low,1,1,Blocked,04/06/2018,2133.84,TechnicalError,App,1,81,19/07/2018,6891.13,CardExpired,CallCenter,1,111,02/09/2018,5821.55,TechnicalError,App,3,139,,,,,,,,,,,,,117,06/02/2025,112,21/08/2024,,,110,13/06/2024,,
300266,22/09/1942,83,Male,92663,9,High,3,1,Blocked,01/03/2020,3721.02,CardExpired,App,3,110,,,,,,,,,,,,,,,,,,,,,,,,,105,14/03/2025,192,21/03/2024,124,07/12/2024,,,102,09/10/2024
300267,12/12/1972,54,Other,92455,3,Low,4,0,Blocked,23/08/2020,591.65,CardExpired,CallCenter,3,161,,,,,,,,,,,,,,,,,,,,,,,,,,,,,,,,,,
300268,08/06/1993,32,Other,85329,4,Medium,1,1,Blocked,01/05/2023,68.81,TechnicalError,Branch,2,118,,,,,,,,,,,,,,,,,,,,,,,,,105,19/05/2025,,,,,,,150,12/05/2025
300269,18/05/1967,58,Other,51289,5,Medium,2,1,Expired,04/08/2018,6004.04,TechnicalError,App,3,20,18/09/2018,2014.11,InsufficientFunds,App,2,9,02/11/2018,5494.58,InsufficientFunds,Branch,3,18,17/12/2018,2738.97,InsufficientFunds,Branch,2,36,,,,,,,,,,,,,,,,
300270,09/03/1998,27,Other,51120,2,High,3,0,Expired,21/03/2019,5858.83,InsufficientFunds,App,2,72,05/05/2019,2749.96,TechnicalError,Branch,2,84,,,,,,,,,,,,,,,,,,,101,10/10/2024,,,104,29/09/2024,120,13/02/2025,,
300271,04/11/1989,36,Other,93107,1,High,2,0,Active,21/04/2024,4260.6,TechnicalError,CallCenter,2,80,05/06/2024,8380.54,TechnicalError,Branch,1,1,,,,,,,,,,,,,,,,,,,169,14/05/2025,185,06/09/2024,129,09/11/2024,100,23/07/2025,,
300272,07/06/1972,53,Female,23865,8,High,4,1,Active,12/01/2023,1383.33,CardExpired,Branch,2,133,,,,,,,,,,,,,,,,,,,,,,,,,135,01/05/2025,,,,,,,,
300273,20/10/1954,72,Female,82479,5,High,3,0,Blocked,18/10/2016,7177.39,CardExpired,Branch,3,56,02/12/2016,5295.37,TechnicalError,CallCenter,2,55,16/01/2017,8068.92,CardExpired,Branch,3,129,02/03/2017,7047.51,TechnicalError,Branch,3,160,,,,,,,,,,,,,175,18/01/2026,,
300274,18/06/1995,30,Female,87948,2,Medium,4,0,Expired,29/06/2019,2011.53,TechnicalError,Branch,2,152,,,,,,,,,,,,,,,,,,,,,,,,,116,26/06/2024,,,163,20/06/2024,,,159,23/02/2025
300275,24/05/1948,77,Male,87641,3,Low,3,1,Blocked,05/09/2024,1822.45,TechnicalError,CallCenter,1,22,20/10/2024,7252.58,InsufficientFunds,CallCenter,2,86,,,,,,,,,,,,,,,,,,,173,15/10/2024,,,,,164,13/05/2024,,
300276,06/05/1979,46,Female,32299,6,Medium,2,1,Expired,28/04/2024,8865.03,InsufficientFunds,CallCenter,2,34,,,,,,,,,,,,,,,,,,,,,,,,,,,,,,,141,13/01/2025,,
300277,03/02/1978,47,Male,35861,3,Medium,2,1,Expired,06/02/2017,2812.31,CardExpired,App,1,3,23/03/2017,4292.17,CardExpired,App,3,100,07/05/2017,5341.55,CardExpired,Branch,1,8,21/06/2017,2897.56,InsufficientFunds,App,2,125,,,,,,,,,,,183,20/03/2025,,,178,10/06/2025
300278,26/10/1993,33,Male,47564,8,High,2,1,Active,21/11/2016,5539.29,TechnicalError,Branch,1,127,05/01/2017,8167.64,TechnicalError,Branch,1,171,19/02/2017,1374.6,InsufficientFunds,Branch,3,172,05/04/2017,1247.19,TechnicalError,App,3,136,20/05/2017,7508.58,TechnicalError,App,2,178,,,193,12/05/2026,,,,,107,26/09/2025
300279,24/01/1954,72,Other,83390,3,High,3,0,Active,03/03/2021,2878.14,InsufficientFunds,CallCenter,3,18,,,,,,,,,,,,,,,,,,,,,,,,,134,15/02/2025,,,,,,,,
300280,13/04/1945,81,Female,89397,8,Medium,1,0,Active,30/08/2023,3101.59,TechnicalError,App,3,17,14/10/2023,7434.49,CardExpired,App,1,140,28/11/2023,7774.81,CardExpired,CallCenter,2,81,12/01/2024,1461.98,InsufficientFunds,Branch,3,123,26/02/2024,9289.5,InsufficientFunds,Branch,1,89,130,30/12/2025,130,26/04/2025,120,09/10/2025,,,112,13/09/2025
300281,17/02/1969,56,Male,49182,5,Medium,1,1,Expired,07/07/2020,9188.78,CardExpired,Branch,3,65,21/08/2020,1112.79,CardExpired,Branch,2,89,05/10/2020,4419.17,CardExpired,CallCenter,2,70,,,,,,,,,,,,,,,,,,,,,,
300282,25/05/2008,18,Male,92671,4,Low,1,1,Active,08/03/2018,8297.4,InsufficientFunds,CallCenter,3,112,22/04/2018,2928.39,TechnicalError,CallCenter,1,38,06/06/2018,463.32,CardExpired,CallCenter,2,113,21/07/2018,1472.04,InsufficientFunds,Branch,1,160,,,,,,,,,126,29/03/2026,,,,,,
300283,26/03/1953,72,Female,57117,6,High,2,1,Blocked,05/09/2020,2416.78,InsufficientFunds,Branch,2,95,20/10/2020,7603.94,TechnicalError,App,1,139,04/12/2020,1573.56,TechnicalError,App,3,43,18/01/2021,5756.19,InsufficientFunds,App,1,20,,,,,,,,,,,185,05/09/2024,189,29/04/2025,,
300284,05/10/1976,49,Male,41083,6,Low,2,1,Expired,30/06/2023,7504.01,CardExpired,Branch,1,10,14/08/2023,4519.2,TechnicalError,CallCenter,3,79,,,,,,,,,,,,,,,,,,,,,,,,,185,13/07/2024,,
300285,03/09/1965,60,Male,73168,6,Low,4,1,Blocked,10/11/2020,287.28,TechnicalError,Branch,3,8,25/12/2020,842.72,TechnicalError,App,3,108,08/02/2021,9808.13,InsufficientFunds,CallCenter,1,105,25/03/2021,6807.78,InsufficientFunds,CallCenter,1,78,,,,,,,,,,,,,,,115,28/10/2024
300286,19/05/1967,59,Male,14747,4,Medium,2,0,Active,12/02/2017,5069.4,CardExpired,CallCenter,1,33,29/03/2017,2970.66,InsufficientFunds,CallCenter,1,152,13/05/2017,1514.11,TechnicalError,Branch,1,70,27/06/2017,6215.16,InsufficientFunds,CallCenter,2,74,11/08/2017,3813.56,TechnicalError,Branch,3,14,196,23/08/2025,,,,,,,,
300287,11/06/1959,67,Female,42641,9,Low,2,0,Blocked,19/07/2019,1402,InsufficientFunds,App,1,132,,,,,,,,,,,,,,,,,,,,,,,,,,,,,197,15/03/2025,,,115,19/12/2025
300288,26/03/1998,28,Female,28985,4,High,3,1,Blocked,31/10/2024,1308.67,TechnicalError,App,1,137,,,,,,,,,,,,,,,,,,,,,,,,,,,119,23/06/2025,,,,,142,15/07/2025
300289,13/08/1989,37,Male,62362,7,Medium,4,0,Blocked,27/04/2018,3650.56,InsufficientFunds,App,3,174,11/06/2018,7145.98,CardExpired,CallCenter,3,102,26/07/2018,4192.23,InsufficientFunds,App,2,44,,,,,,,,,,,,,152,30/07/2025,158,20/08/2025,125,18/08/2025,,,194,27/07/2025
300290,24/10/2006,19,Female,82385,6,High,2,1,Expired,18/05/2024,5704.58,InsufficientFunds,Branch,3,16,,,,,,,,,,,,,,,,,,,,,,,,,117,29/09/2025,,,106,26/11/2025,101,23/07/2025,112,15/02/2025
300291,04/02/1991,34,Male,27219,2,High,1,0,Active,22/07/2024,6262.7,CardExpired,App,2,149,05/09/2024,4351.45,TechnicalError,CallCenter,1,150,20/10/2024,2996.17,TechnicalError,CallCenter,2,173,,,,,,,,,,,,,128,03/12/2024,112,02/09/2024,190,17/03/2025,,,,
300292,20/02/1954,71,Other,56254,1,High,1,0,Blocked,29/11/2024,2118.33,InsufficientFunds,CallCenter,3,22,,,,,,,,,,,,,,,,,,,,,,,,,120,25/10/2024,,,146,09/09/2024,,,107,15/09/2024
300293,01/02/1985,41,Female,33614,1,High,4,0,Active,28/09/2023,6448.63,InsufficientFunds,CallCenter,3,144,12/11/2023,6134.8,TechnicalError,App,2,38,27/12/2023,6528.22,CardExpired,CallCenter,1,125,10/02/2024,6866.31,InsufficientFunds,Branch,1,90,26/03/2024,4015.27,CardExpired,Branch,1,87,,,,,,,,,,
300294,11/09/1999,27,Female,97149,1,Medium,3,1,Active,06/05/2025,8482.64,InsufficientFunds,CallCenter,2,87,20/06/2025,5649.96,TechnicalError,App,2,136,,,,,,,,,,,,,,,,,,,,,,,,,133,18/07/2025,,
300295,02/08/1956,69,Female,39271,1,Medium,4,1,Expired,13/06/2017,301.63,InsufficientFunds,CallCenter,3,98,,,,,,,,,,,,,,,,,,,,,,,,,,,,,,,,,143,08/07/2024
300296,25/04/1981,44,Female,15237,2,Medium,2,1,Expired,02/11/2017,9093.32,InsufficientFunds,Branch,1,69,,,,,,,,,,,,,,,,,,,,,,,,,,,,,,,141,13/05/2025,,
300297,26/12/1995,30,Other,29593,5,High,3,0,Active,24/12/2017,1390.34,InsufficientFunds,CallCenter,3,119,07/02/2018,3539.99,TechnicalError,App,2,163,24/03/2018,9694.55,TechnicalError,CallCenter,3,170,08/05/2018,252.8,CardExpired,Branch,3,179,,,,,,,158,19/05/2025,,,109,12/04/2025,178,31/07/2025,,
300298,02/09/1984,41,Other,16230,1,Low,3,1,Blocked,04/02/2022,4072.63,TechnicalError,App,3,42,,,,,,,,,,,,,,,,,,,,,,,,,101,16/04/2025,,,,,,,,
300299,11/08/1977,49,Other,99653,6,Low,4,1,Expired,26/12/2023,1506.88,InsufficientFunds,Branch,3,129,,,,,,,,,,,,,,,,,,,,,,,,,,,,,,,,,,
300300,13/03/1941,84,Female,48923,7,Medium,3,0,Expired,09/02/2018,6291.35,CardExpired,CallCenter,2,27,26/03/2018,5845.11,TechnicalError,App,1,26,10/05/2018,8758,CardExpired,Branch,1,11,24/06/2018,6471.99,TechnicalError,Branch,1,13,,,,,,,127,03/11/2024,,,,,155,25/12/2024,,
300301,03/08/1996,29,Other,19868,7,Medium,3,0,Blocked,10/08/2022,9221.14,TechnicalError,App,2,125,24/09/2022,2559.19,TechnicalError,App,1,93,08/11/2022,1414.49,InsufficientFunds,Branch,3,124,23/12/2022,8443.72,InsufficientFunds,CallCenter,1,58,,,,,,,,,197,11/01/2025,177,07/06/2025,,,166,18/07/2025
300302,11/08/1998,28,Male,46356,6,Medium,1,1,Active,27/10/2018,1644.8,InsufficientFunds,App,3,22,11/12/2018,6627.91,TechnicalError,CallCenter,2,135,25/01/2019,6820.8,TechnicalError,Branch,3,61,11/03/2019,3664.84,TechnicalError,CallCenter,2,79,25/04/2019,7174.71,InsufficientFunds,Branch,1,102,,,148,10/02/2026,,,,,155,29/05/2025
300303,25/01/1975,51,Other,53294,4,High,2,0,Expired,23/10/2022,3745.67,TechnicalError,Branch,1,158,07/12/2022,6559.57,TechnicalError,Branch,2,58,21/01/2023,4179.12,TechnicalError,App,2,4,07/03/2023,499.83,TechnicalError,Branch,1,90,21/04/2023,4189.26,TechnicalError,App,3,126,,,152,06/08/2025,148,09/09/2025,,,,
300304,14/09/1970,55,Male,98318,6,Low,2,1,Active,25/06/2019,1976.59,InsufficientFunds,Branch,2,41,09/08/2019,2510.95,CardExpired,Branch,2,117,23/09/2019,1487.99,InsufficientFunds,App,2,4,,,,,,,,,,,,,,,150,03/06/2024,,,,,,
300305,04/10/1980,45,Other,82615,1,Medium,4,0,Active,03/10/2019,8128.93,TechnicalError,CallCenter,1,169,17/11/2019,364.41,TechnicalError,CallCenter,1,5,01/01/2020,7499.93,InsufficientFunds,Branch,1,76,15/02/2020,1999.64,InsufficientFunds,Branch,1,169,31/03/2020,5280.21,TechnicalError,Branch,1,129,,,,,,,191,11/02/2025,128,12/08/2025
300306,09/11/2003,22,Other,60359,7,Low,1,1,Blocked,08/06/2016,1845.78,TechnicalError,Branch,3,7,23/07/2016,6100.18,CardExpired,Branch,1,105,06/09/2016,8918.01,TechnicalError,Branch,1,130,21/10/2016,4775.09,InsufficientFunds,Branch,2,164,,,,,,,144,09/10/2025,178,04/01/2025,120,05/06/2025,,,,
300307,12/03/1999,27,Female,37634,6,High,4,1,Expired,04/07/2018,8411.3,InsufficientFunds,App,2,59,18/08/2018,5353.95,CardExpired,CallCenter,2,168,02/10/2018,8991.68,CardExpired,CallCenter,2,175,16/11/2018,3593.7,CardExpired,CallCenter,1,107,,,,,,,120,08/07/2025,159,01/10/2025,,,,,,
300308,14/11/1993,33,Female,61547,9,Low,3,1,Blocked,15/02/2025,1342.72,TechnicalError,CallCenter,1,119,01/04/2025,1727.72,TechnicalError,App,2,43,,,,,,,,,,,,,,,,,,,,,,,,,,,114,10/10/2025
300309,21/09/1968,57,Female,13617,6,High,4,0,Blocked,09/08/2024,1268.61,TechnicalError,Branch,1,112,23/09/2024,3799.99,CardExpired,CallCenter,1,155,07/11/2024,7420.47,InsufficientFunds,CallCenter,3,16,22/12/2024,8301.28,InsufficientFunds,CallCenter,3,34,,,,,,,152,14/08/2025,,,136,07/05/2025,,,134,23/03/2025
300310,18/07/1987,38,Male,41109,7,High,1,0,Blocked,11/03/2016,1535.48,TechnicalError,Branch,2,48,25/04/2016,2218.09,CardExpired,Branch,3,97,09/06/2016,2181.49,TechnicalError,CallCenter,1,97,24/07/2016,287.17,CardExpired,CallCenter,3,119,07/09/2016,9870.59,TechnicalError,CallCenter,1,145,,,,,148,04/05/2025,,,140,31/08/2025
300311,24/02/1962,64,Other,46340,1,High,4,1,Active,16/08/2017,2028.23,TechnicalError,App,1,48,30/09/2017,2784.97,InsufficientFunds,CallCenter,1,121,14/11/2017,1601.67,TechnicalError,App,3,77,,,,,,,,,,,,,,,197,27/12/2025,,,,,151,19/11/2025
300312,26/02/1953,73,Other,49278,6,Medium,4,0,Expired,05/11/2020,4567.73,InsufficientFunds,CallCenter,2,98,20/12/2020,2218.2,TechnicalError,Branch,3,18,,,,,,,,,,,,,,,,,,,,,,,,,,,,
300313,18/05/1947,78,Other,91625,7,Medium,2,0,Blocked,11/11/2020,3517.03,TechnicalError,Branch,2,77,26/12/2020,6777.51,CardExpired,App,3,106,,,,,,,,,,,,,,,,,,,170,03/05/2025,,,127,30/09/2024,,,,
300314,07/06/2002,24,Male,40108,4,High,1,0,Expired,17/10/2017,7027.84,InsufficientFunds,Branch,3,132,01/12/2017,4503.07,InsufficientFunds,App,2,178,15/01/2018,4129.83,CardExpired,App,3,102,,,,,,,,,,,,,,,,,,,,,133,04/06/2025
300315,01/06/1956,69,Male,95014,4,Low,1,0,Expired,10/02/2020,6938.33,TechnicalError,Branch,3,103,26/03/2020,3271.79,CardExpired,CallCenter,1,31,,,,,,,,,,,,,,,,,,,107,05/08/2025,152,04/09/2025,114,03/09/2025,,,,
300316,20/02/1987,38,Other,34222,8,Low,1,0,Blocked,25/10/2021,2584.77,TechnicalError,CallCenter,1,11,,,,,,,,,,,,,,,,,,,,,,,,,170,14/04/2024,,,136,22/11/2024,,,177,21/02/2024
300317,07/06/1980,45,Other,55555,2,High,1,0,Blocked,27/07/2022,5499.07,InsufficientFunds,Branch,2,6,10/09/2022,8850.13,CardExpired,Branch,3,135,,,,,,,,,,,,,,,,,,,,,,,,,160,27/11/2024,,
300318,12/09/1947,78,Male,17589,3,High,3,1,Active,05/07/2015,2652.25,InsufficientFunds,CallCenter,1,119,19/08/2015,9190.23,CardExpired,CallCenter,2,71,03/10/2015,4723.06,TechnicalError,Branch,1,160,17/11/2015,9598.12,CardExpired,Branch,1,84,01/01/2016,119.22,CardExpired,App,2,84,,,,,,,,,,
300319,06/09/1968,57,Female,19883,8,High,2,1,Blocked,22/05/2023,6194.92,TechnicalError,App,1,40,06/07/2023,7332.83,InsufficientFunds,App,1,138,20/08/2023,8369.35,CardExpired,Branch,2,102,04/10/2023,6337.54,CardExpired,Branch,3,83,18/11/2023,4943.75,CardExpired,Branch,1,75,,,,,,,189,21/01/2025,131,24/02/2025
300320,06/03/1965,60,Other,53773,7,High,3,1,Active,08/07/2022,3136.45,CardExpired,CallCenter,1,90,22/08/2022,9231.31,CardExpired,Branch,2,52,,,,,,,,,,,,,,,,,,,,,,,100,13/10/2024,154,14/08/2024,,
300321,14/04/1993,33,Male,60108,9,Low,2,1,Expired,27/10/2018,4276.4,CardExpired,App,2,91,11/12/2018,8519.7,InsufficientFunds,App,3,53,25/01/2019,6527.36,CardExpired,CallCenter,2,10,11/03/2019,7437.98,CardExpired,App,1,119,,,,,,,122,22/04/2026,,,,,,,,
300322,19/07/1973,53,Male,38560,2,Medium,1,1,Expired,26/03/2019,9032.86,CardExpired,App,3,65,10/05/2019,8405.1,InsufficientFunds,Branch,3,68,24/06/2019,6104.63,CardExpired,Branch,2,95,,,,,,,,,,,,,114,17/04/2025,,,,,,,149,08/09/2025
300323,01/03/1968,57,Male,65305,7,Low,2,0,Active,22/07/2021,1653.42,TechnicalError,App,2,143,,,,,,,,,,,,,,,,,,,,,,,,,152,15/08/2025,124,02/09/2025,136,14/05/2025,166,05/08/2025,,
300324,01/10/1981,44,Female,49974,7,High,1,1,Active,13/10/2019,2168.23,CardExpired,App,1,68,27/11/2019,5581.97,TechnicalError,Branch,1,168,,,,,,,,,,,,,,,,,,,175,24/04/2025,100,28/05/2025,,,,,,
300325,09/10/2003,22,Male,33783,1,Low,4,1,Active,13/08/2015,6392.85,TechnicalError,Branch,3,167,,,,,,,,,,,,,,,,,,,,,,,,,,,,,,,133,08/02/2025,,
300326,23/02/1951,74,Other,94447,4,Medium,1,0,Active,03/05/2020,4016.96,CardExpired,App,2,37,17/06/2020,3606.26,CardExpired,Branch,1,160,01/08/2020,6940.36,InsufficientFunds,Branch,1,116,15/09/2020,1781.21,TechnicalError,App,1,21,,,,,,,,,,,112,14/12/2024,,,178,22/07/2025
300327,19/03/1948,78,Male,57047,9,Medium,3,1,Expired,02/04/2020,4647.02,CardExpired,Branch,2,51,17/05/2020,2757.11,CardExpired,CallCenter,3,14,01/07/2020,9906.98,InsufficientFunds,App,1,9,15/08/2020,4954.11,CardExpired,Branch,2,108,,,,,,,,,176,20/09/2025,,,194,01/10/2025,,
300328,21/08/1961,64,Female,42336,2,Low,3,0,Expired,19/04/2016,4671.44,InsufficientFunds,Branch,1,15,,,,,,,,,,,,,,,,,,,,,,,,,,,149,15/02/2025,163,22/11/2024,,,,
300329,21/09/1957,68,Male,11732,8,High,1,0,Active,04/12/2022,8242.58,CardExpired,CallCenter,3,165,,,,,,,,,,,,,,,,,,,,,,,,,,,141,17/03/2025,,,,,,
300330,02/03/1959,66,Female,38947,9,Medium,1,1,Active,04/06/2024,1810.15,InsufficientFunds,Branch,3,95,,,,,,,,,,,,,,,,,,,,,,,,,164,19/03/2025,,,,,136,22/04/2025,118,28/03/2025
300331,18/11/1965,61,Female,22279,7,High,4,1,Blocked,22/10/2022,8589.43,CardExpired,CallCenter,3,117,,,,,,,,,,,,,,,,,,,,,,,,,131,24/06/2025,,,,,,,169,18/07/2025
300332,05/06/1958,67,Other,82835,6,Low,4,0,Expired,18/07/2022,8116.11,CardExpired,Branch,3,146,01/09/2022,8870.32,TechnicalError,CallCenter,3,82,16/10/2022,4913.94,InsufficientFunds,CallCenter,1,129,30/11/2022,6937.39,InsufficientFunds,App,1,122,,,,,,,170,21/06/2025,,,,,,,175,28/08/2024
300333,18/06/1992,34,Other,68252,8,Medium,2,0,Blocked,19/10/2016,739.68,CardExpired,App,2,68,03/12/2016,649.2,TechnicalError,Branch,3,84,,,,,,,,,,,,,,,,,,,,,,,,,,,104,04/07/2025
300334,07/05/1976,50,Female,15898,9,High,3,1,Expired,30/11/2022,663.71,TechnicalError,Branch,2,150,14/01/2023,7533.08,InsufficientFunds,Branch,3,148,28/02/2023,6965.99,InsufficientFunds,Branch,2,47,14/04/2023,2517.31,InsufficientFunds,CallCenter,2,99,29/05/2023,1665.41,TechnicalError,CallCenter,3,170,149,12/03/2026,173,21/01/2026,153,03/10/2025,,,123,25/06/2025
300335,08/03/1980,45,Male,49983,7,Low,3,1,Blocked,09/04/2016,2341.57,TechnicalError,CallCenter,3,107,24/05/2016,5792.3,CardExpired,App,1,125,08/07/2016,3359.97,CardExpired,Branch,2,67,22/08/2016,3831,TechnicalError,App,3,156,,,,,,,,,,,145,23/10/2024,,,,
300336,04/04/1982,43,Female,69509,7,Low,1,1,Active,18/08/2022,8268.31,InsufficientFunds,CallCenter,1,17,02/10/2022,4347.09,CardExpired,CallCenter,1,104,,,,,,,,,,,,,,,,,,,,,143,18/08/2024,123,10/06/2025,,,,
300337,20/12/1956,69,Male,32709,6,Medium,1,1,Blocked,21/02/2018,5219.73,CardExpired,App,1,150,07/04/2018,5225.17,TechnicalError,App,1,29,22/05/2018,7306.23,CardExpired,CallCenter,3,57,,,,,,,,,,,,,187,13/12/2024,,,,,133,06/01/2025,105,05/02/2025
300338,16/11/1952,73,Female,75843,2,Medium,3,0,Active,07/05/2022,7993.55,TechnicalError,Branch,1,56,,,,,,,,,,,,,,,,,,,,,,,,,164,29/12/2024,134,13/06/2024,,,,,123,25/12/2024
300339,17/10/1964,62,Other,62459,8,Medium,1,1,Active,27/02/2016,8317.97,TechnicalError,CallCenter,1,168,12/04/2016,2398.93,InsufficientFunds,CallCenter,2,105,27/05/2016,4563.56,InsufficientFunds,App,1,18,,,,,,,,,,,,,,,100,06/08/2025,,,154,23/09/2025,,
300340,20/10/1971,54,Female,59775,5,High,1,1,Active,10/11/2020,5110.48,InsufficientFunds,Branch,1,4,,,,,,,,,,,,,,,,,,,,,,,,,175,22/10/2024,,,169,18/06/2024,,,,
300341,24/11/1981,45,Male,84345,6,Low,3,1,Expired,20/11/2016,7404.23,TechnicalError,Branch,1,71,04/01/2017,9575.05,CardExpired,App,2,11,18/02/2017,8705.99,TechnicalError,App,1,133,04/04/2017,858.72,InsufficientFunds,CallCenter,3,127,19/05/2017,804.53,TechnicalError,App,3,53,,,,,,,,,,
300342,07/07/2005,21,Other,43468,6,High,1,1,Expired,13/06/2019,5104.72,InsufficientFunds,CallCenter,2,39,28/07/2019,1874.3,CardExpired,CallCenter,1,116,11/09/2019,7252.08,TechnicalError,Branch,3,86,,,,,,,,,,,,,166,14/10/2025,,,132,31/12/2025,,,115,29/03/2025
300343,08/04/1980,45,Other,79580,4,Low,4,0,Active,31/03/2017,4596.56,CardExpired,CallCenter,1,100,15/05/2017,2985.45,InsufficientFunds,Branch,3,117,,,,,,,,,,,,,,,,,,,,,,,103,12/05/2025,,,,
300344,22/06/1960,65,Other,72837,2,Medium,2,1,Blocked,01/10/2016,2895.57,CardExpired,Branch,3,134,15/11/2016,886.13,TechnicalError,App,2,129,30/12/2016,1942.93,TechnicalError,CallCenter,1,92,,,,,,,,,,,,,,,,,,,180,31/01/2025,163,03/06/2025
300345,09/09/2004,21,Other,60398,3,High,1,1,Blocked,01/11/2020,4521.98,InsufficientFunds,CallCenter,2,69,16/12/2020,8055.25,InsufficientFunds,CallCenter,3,140,30/01/2021,8587.14,CardExpired,Branch,3,110,,,,,,,,,,,,,,,,,,,,,,
300346,21/06/2002,24,Male,97410,5,High,3,1,Active,06/12/2023,7752.14,InsufficientFunds,CallCenter,1,87,20/01/2024,564.98,CardExpired,Branch,1,106,05/03/2024,5517.89,CardExpired,CallCenter,2,81,19/04/2024,5205.81,InsufficientFunds,Branch,3,105,03/06/2024,5653.08,CardExpired,App,3,115,,,,,,,130,31/08/2025,154,10/08/2025
300347,23/10/1968,58,Other,38497,9,High,2,1,Blocked,05/10/2023,9064.36,InsufficientFunds,Branch,1,65,19/11/2023,6205.37,TechnicalError,Branch,1,83,03/01/2024,9784.29,TechnicalError,Branch,2,155,17/02/2024,5130.02,CardExpired,CallCenter,3,133,02/04/2024,5850.69,TechnicalError,CallCenter,3,163,,,,,144,07/03/2026,,,171,26/06/2025
300348,21/06/1984,42,Male,81852,2,Low,4,1,Active,10/07/2018,9678.24,CardExpired,CallCenter,3,174,,,,,,,,,,,,,,,,,,,,,,,,,,,,,,,,,196,15/06/2025
300349,27/08/1970,55,Other,42202,5,High,1,0,Expired,01/11/2020,6513.49,CardExpired,App,1,24,,,,,,,,,,,,,,,,,,,,,,,,,,,,,184,26/08/2024,185,02/11/2024,,
300350,26/08/1967,58,Male,98859,1,Low,4,0,Expired,02/07/2024,3915.95,TechnicalError,Branch,2,81,,,,,,,,,,,,,,,,,,,,,,,,,,,150,10/06/2025,,,,,,
300351,24/12/1976,49,Male,33854,3,Medium,4,0,Active,20/02/2024,1941.94,InsufficientFunds,App,3,21,05/04/2024,6769.84,CardExpired,CallCenter,3,44,20/05/2024,9792.35,InsufficientFunds,CallCenter,2,91,04/07/2024,9375.88,TechnicalError,App,2,10,,,,,,,,,,,105,18/03/2025,,,109,09/06/2025
300352,05/10/1973,52,Other,21422,1,High,2,1,Active,07/09/2023,2133.82,CardExpired,CallCenter,3,99,22/10/2023,8083.25,TechnicalError,App,1,57,06/12/2023,1437.54,InsufficientFunds,CallCenter,1,104,20/01/2024,5986.7,TechnicalError,App,1,151,,,,,,,,,177,02/05/2025,,,,,,
300353,04/04/1944,82,Female,62676,7,High,4,0,Blocked,12/07/2020,9669.37,TechnicalError,Branch,2,150,26/08/2020,402.08,TechnicalError,App,1,66,10/10/2020,2704.8,CardExpired,App,2,147,,,,,,,,,,,,,,,186,21/05/2025,,,167,17/11/2025,109,23/02/2025
300354,12/01/1995,30,Other,87101,2,Low,3,1,Blocked,06/11/2021,7968.83,TechnicalError,Branch,1,163,21/12/2021,6096.46,CardExpired,CallCenter,1,57,04/02/2022,3952.24,TechnicalError,App,3,27,21/03/2022,8646.8,CardExpired,Branch,1,56,,,,,,,,,,,,,154,03/12/2024,,
300355,20/05/1962,64,Other,87801,4,Medium,4,1,Active,13/08/2020,6365.23,InsufficientFunds,App,3,139,27/09/2020,209.8,CardExpired,App,2,13,11/11/2020,6729.73,TechnicalError,Branch,2,32,26/12/2020,3613.47,InsufficientFunds,Branch,1,54,,,,,,,,,,,119,04/09/2025,117,12/02/2026,138,02/12/2025
300356,27/08/2000,25,Male,55318,2,Low,3,1,Active,07/04/2016,113.72,InsufficientFunds,CallCenter,3,147,22/05/2016,7172.86,TechnicalError,CallCenter,1,90,06/07/2016,4523.48,CardExpired,CallCenter,3,1,20/08/2016,7326.64,TechnicalError,App,1,153,04/10/2016,398.14,TechnicalError,App,3,71,,,,,,,167,28/04/2025,,
300357,12/07/1959,66,Female,16828,4,Medium,3,1,Blocked,15/11/2015,2635.99,CardExpired,App,1,132,30/12/2015,8750.39,InsufficientFunds,Branch,2,123,13/02/2016,2620.4,CardExpired,App,1,174,29/03/2016,772.19,CardExpired,Branch,3,156,,,,,,,156,25/09/2024,,,,,,,108,02/05/2025
300358,01/05/2000,25,Male,19199,6,Medium,3,1,Active,11/02/2016,6698.76,InsufficientFunds,App,2,73,,,,,,,,,,,,,,,,,,,,,,,,,,,,,,,183,01/11/2025,197,11/11/2025
300359,20/05/1955,70,Other,15655,3,Medium,3,1,Blocked,29/03/2020,1901.24,TechnicalError,Branch,2,25,13/05/2020,7721.73,TechnicalError,CallCenter,1,15,27/06/2020,9037.9,CardExpired,Branch,3,12,11/08/2020,1284.46,TechnicalError,CallCenter,3,167,,,,,,,,,105,28/01/2025,,,147,25/05/2025,197,13/07/2025
300360,18/04/1946,79,Male,35512,3,Medium,4,0,Active,21/02/2020,3401.78,TechnicalError,Branch,2,71,,,,,,,,,,,,,,,,,,,,,,,,,177,28/04/2025,,,184,16/10/2024,,,,
300361,25/11/1970,55,Female,40013,1,Low,2,1,Blocked,14/09/2016,5607.5,CardExpired,Branch,1,42,29/10/2016,223.81,InsufficientFunds,CallCenter,2,64,13/12/2016,7614.84,CardExpired,CallCenter,3,72,,,,,,,,,,,,,,,164,07/02/2025,,,,,,
300362,20/04/1975,50,Other,13004,5,Low,1,0,Blocked,08/06/2024,4487.83,CardExpired,App,3,165,23/07/2024,8063.2,TechnicalError,Branch,2,109,06/09/2024,4364.28,CardExpired,CallCenter,2,17,21/10/2024,6365.97,TechnicalError,CallCenter,3,161,,,,,,,163,21/07/2025,,,,,,,111,28/07/2025
300363,11/07/1977,48,Female,61341,4,Medium,4,0,Expired,21/08/2024,6374.6,TechnicalError,Branch,1,102,05/10/2024,9673.86,TechnicalError,CallCenter,3,66,,,,,,,,,,,,,,,,,,,,,135,28/02/2025,163,03/02/2025,193,17/09/2024,141,17/01/2025
300364,19/11/1971,54,Female,55078,1,High,1,1,Expired,03/02/2020,8166.1,CardExpired,CallCenter,2,63,19/03/2020,8666.12,InsufficientFunds,Branch,3,125,03/05/2020,9627.37,InsufficientFunds,CallCenter,2,3,,,,,,,,,,,,,,,172,16/12/2024,,,118,28/12/2024,,
300365,07/07/1974,52,Other,36429,9,Low,1,0,Active,16/09/2024,241.46,InsufficientFunds,App,3,115,,,,,,,,,,,,,,,,,,,,,,,,,,,,,,,157,14/07/2025,198,20/06/2025
300366,21/10/1971,54,Female,83712,4,Medium,1,1,Expired,17/06/2015,5026.54,CardExpired,CallCenter,3,80,01/08/2015,4386.91,InsufficientFunds,App,1,102,15/09/2015,7179.45,InsufficientFunds,Branch,1,4,30/10/2015,5542.49,InsufficientFunds,App,1,16,14/12/2015,1546,TechnicalError,App,3,113,103,27/02/2025,199,14/09/2024,173,20/08/2024,,,,
300367,24/04/1972,53,Female,84958,2,Medium,3,0,Blocked,22/03/2022,8945.4,InsufficientFunds,App,1,67,,,,,,,,,,,,,,,,,,,,,,,,,,,,,,,,,,
300368,20/07/1945,80,Female,23694,2,Low,1,1,Active,06/03/2020,9018.04,CardExpired,Branch,1,38,20/04/2020,3726.22,CardExpired,CallCenter,1,15,04/06/2020,1954.97,TechnicalError,App,2,66,19/07/2020,2872.95,TechnicalError,CallCenter,3,13,02/09/2020,4987.47,TechnicalError,Branch,3,178,,,,,,,169,28/10/2024,,
300369,13/06/1951,74,Male,43405,5,Medium,1,1,Expired,22/03/2025,5857.25,TechnicalError,CallCenter,2,127,,,,,,,,,,,,,,,,,,,,,,,,,180,13/01/2025,,,,,195,19/04/2025,187,27/12/2024
300370,23/12/2003,22,Female,29023,2,Medium,3,1,Blocked,05/06/2018,9563.1,CardExpired,App,1,105,20/07/2018,1566.42,TechnicalError,App,1,118,03/09/2018,7095.06,CardExpired,App,1,75,,,,,,,,,,,,,,,,,,,167,10/03/2025,,
300371,05/12/2003,23,Male,21954,2,Low,1,0,Expired,14/04/2024,3197.18,InsufficientFunds,Branch,2,111,29/05/2024,7837.95,InsufficientFunds,Branch,3,45,,,,,,,,,,,,,,,,,,,,,,,192,04/06/2025,,,,
300372,27/01/1958,67,Female,33190,7,High,2,1,Active,05/06/2015,5357,CardExpired,App,2,70,20/07/2015,5206.1,InsufficientFunds,Branch,2,162,03/09/2015,6109.32,InsufficientFunds,CallCenter,2,61,,,,,,,,,,,,,,,,,189,18/04/2024,,,,
300373,20/09/1964,61,Female,19049,6,Medium,2,0,Active,08/05/2023,7628.79,InsufficientFunds,Branch,2,70,22/06/2023,3595.99,InsufficientFunds,App,3,79,06/08/2023,7536.32,TechnicalError,CallCenter,1,163,,,,,,,,,,,,,185,15/04/2024,157,19/01/2025,,,149,07/05/2024,,
300374,18/03/1978,47,Male,93233,6,Medium,3,1,Expired,16/04/2020,1247.89,CardExpired,Branch,1,162,31/05/2020,6393.22,InsufficientFunds,CallCenter,3,159,15/07/2020,9239.77,InsufficientFunds,App,3,70,,,,,,,,,,,,,,,,,,,,,,
300375,18/02/1945,81,Female,29182,2,Medium,3,0,Expired,09/03/2019,655.73,TechnicalError,CallCenter,2,114,23/04/2019,5574.63,TechnicalError,CallCenter,3,106,,,,,,,,,,,,,,,,,,,194,10/10/2025,125,29/09/2025,165,31/05/2025,,,,
300376,19/03/1979,46,Other,47238,1,Medium,1,0,Blocked,24/07/2020,2017.51,TechnicalError,CallCenter,2,44,07/09/2020,4674.4,CardExpired,Branch,2,85,22/10/2020,1459.61,CardExpired,CallCenter,2,46,06/12/2020,3777.81,CardExpired,CallCenter,1,84,20/01/2021,8914.85,TechnicalError,CallCenter,2,45,196,22/08/2024,,,195,20/09/2024,,,,
300377,02/12/1955,70,Other,11133,9,High,2,1,Blocked,09/01/2021,9379.34,TechnicalError,CallCenter,1,92,23/02/2021,8596.42,InsufficientFunds,Branch,3,19,,,,,,,,,,,,,,,,,,,157,30/06/2025,169,06/11/2024,,,,,,
300378,08/04/1971,54,Male,96268,2,Low,4,1,Blocked,24/12/2018,6992.52,InsufficientFunds,App,2,107,07/02/2019,6805.3,InsufficientFunds,Branch,3,86,24/03/2019,5896.95,InsufficientFunds,App,1,103,08/05/2019,1671.29,InsufficientFunds,CallCenter,1,35,22/06/2019,2551.77,TechnicalError,App,3,115,,,,,,,,,,
300379,25/09/1969,56,Female,23652,6,Low,3,1,Expired,09/08/2024,7950.28,InsufficientFunds,CallCenter,2,164,23/09/2024,8668.82,InsufficientFunds,App,1,9,,,,,,,,,,,,,,,,,,,,,,,,,,,,
300380,19/08/1951,74,Male,37312,3,High,4,1,Expired,06/04/2018,2705.22,CardExpired,CallCenter,2,116,21/05/2018,5575.8,TechnicalError,Branch,3,141,,,,,,,,,,,,,,,,,,,,,132,08/11/2024,191,05/07/2024,119,19/06/2024,,
300381,13/08/2005,21,Male,42805,8,High,4,0,Active,20/08/2021,7967.6,CardExpired,App,3,154,04/10/2021,1779.13,InsufficientFunds,Branch,3,25,18/11/2021,5045.69,InsufficientFunds,App,1,145,02/01/2022,204.47,InsufficientFunds,Branch,3,134,16/02/2022,2533.6,TechnicalError,CallCenter,1,75,,,,,,,169,14/04/2025,102,26/04/2025
300382,18/12/1994,31,Female,36532,3,High,2,0,Blocked,10/05/2020,4852.08,CardExpired,App,1,108,24/06/2020,5700.5,InsufficientFunds,Branch,1,148,,,,,,,,,,,,,,,,,,,173,27/10/2024,146,22/11/2024,,,,,109,12/12/2024
300383,12/10/1959,67,Male,82780,1,Medium,2,1,Blocked,18/03/2018,2159.65,TechnicalError,Branch,3,75,02/05/2018,7248.55,TechnicalError,Branch,2,140,,,,,,,,,,,,,,,,,,,,,159,06/08/2025,,,,,119,01/09/2025
300384,09/04/1980,45,Male,69348,3,Medium,4,1,Expired,08/02/2020,2565.92,TechnicalError,CallCenter,2,146,24/03/2020,9696.29,InsufficientFunds,App,3,175,08/05/2020,3988.53,InsufficientFunds,App,3,2,22/06/2020,7980.67,InsufficientFunds,App,2,131,06/08/2020,3533.79,CardExpired,CallCenter,1,84,,,,,,,,,,
300385,10/04/1960,65,Female,99983,4,Medium,4,0,Expired,03/11/2015,6375.03,InsufficientFunds,CallCenter,2,147,18/12/2015,6688.3,TechnicalError,App,1,163,,,,,,,,,,,,,,,,,,,,,152,05/02/2025,,,116,12/04/2025,169,01/01/2025
300386,08/05/1982,43,Male,73475,9,Low,1,1,Active,27/04/2022,9342.24,CardExpired,App,2,90,11/06/2022,6260.72,InsufficientFunds,App,1,176,,,,,,,,,,,,,,,,,,,,,139,16/02/2025,,,192,28/08/2024,182,07/08/2025
300387,20/01/1973,52,Male,33917,5,High,1,0,Active,08/01/2022,7624.55,CardExpired,App,3,122,,,,,,,,,,,,,,,,,,,,,,,,,,,107,19/07/2024,,,142,21/04/2024,,
300388,26/05/1979,47,Other,81869,4,High,1,0,Blocked,03/01/2025,8235.11,TechnicalError,App,2,135,17/02/2025,1538.31,InsufficientFunds,Branch,1,24,03/04/2025,7340.88,InsufficientFunds,CallCenter,3,23,,,,,,,,,,,,,,,122,31/03/2026,,,129,03/03/2026,,
300389,13/06/1995,31,Male,91837,3,Low,1,0,Expired,07/01/2023,5008.08,TechnicalError,Branch,3,4,21/02/2023,1484.76,CardExpired,App,2,151,07/04/2023,9631.97,CardExpired,CallCenter,1,125,,,,,,,,,,,,,170,17/05/2025,,,,,,,,
300390,27/01/1987,38,Female,18527,2,High,4,1,Expired,29/05/2017,4594.44,CardExpired,App,1,25,13/07/2017,2861.83,CardExpired,App,1,22,27/08/2017,5961.58,InsufficientFunds,App,1,93,11/10/2017,8154.83,InsufficientFunds,App,2,67,25/11/2017,6598.04,TechnicalError,Branch,3,64,199,30/12/2024,,,,,,,130,15/06/2024
300391,17/09/1960,65,Other,26198,7,Medium,3,1,Active,27/04/2016,618.74,InsufficientFunds,CallCenter,2,103,11/06/2016,6149.34,InsufficientFunds,Branch,1,41,26/07/2016,3370.72,TechnicalError,CallCenter,1,114,,,,,,,,,,,,,,,191,13/08/2024,154,28/01/2025,,,138,10/08/2024
300392,24/07/1965,60,Female,86227,4,Low,1,1,Active,28/05/2021,6272.53,TechnicalError,CallCenter,3,49,12/07/2021,7400.76,CardExpired,Branch,1,17,26/08/2021,3428.99,TechnicalError,Branch,1,81,,,,,,,,,,,,,,,,,172,11/01/2025,,,,
300393,27/06/1969,56,Female,67952,3,High,3,1,Blocked,25/12/2020,235.04,TechnicalError,App,2,147,08/02/2021,7923.54,InsufficientFunds,Branch,2,169,25/03/2021,4978.37,TechnicalError,App,2,41,09/05/2021,2993.95,InsufficientFunds,Branch,3,48,,,,,,,116,12/05/2024,,,100,04/10/2024,,,,
300394,12/01/1971,54,Male,99277,1,Low,1,0,Blocked,14/04/2017,2846.12,TechnicalError,App,1,14,29/05/2017,5204.12,CardExpired,CallCenter,2,42,,,,,,,,,,,,,,,,,,,123,06/03/2025,,,187,12/12/2024,,,,
300395,25/02/1944,81,Other,79490,3,High,2,0,Blocked,08/04/2023,704.72,TechnicalError,App,2,28,,,,,,,,,,,,,,,,,,,,,,,,,,,191,29/11/2024,188,09/08/2025,,,,
300396,25/10/1982,43,Other,93010,1,Medium,4,0,Expired,22/04/2019,5872.63,InsufficientFunds,CallCenter,2,101,06/06/2019,9217.04,InsufficientFunds,CallCenter,3,68,,,,,,,,,,,,,,,,,,,117,22/10/2024,198,19/05/2024,181,05/02/2024,,,,
300397,27/09/1953,72,Other,54770,5,Low,3,1,Expired,18/07/2019,7338.64,InsufficientFunds,CallCenter,3,97,01/09/2019,9752.85,TechnicalError,CallCenter,2,84,,,,,,,,,,,,,,,,,,,149,28/08/2025,,,,,,,106,15/02/2025
300398,03/11/1977,48,Male,78232,4,High,2,0,Blocked,14/10/2020,5313.24,TechnicalError,App,3,178,28/11/2020,8239.5,InsufficientFunds,Branch,2,140,12/01/2021,2879.53,TechnicalError,Branch,3,149,,,,,,,,,,,,,175,04/12/2025,178,11/11/2025,,,,,,
300399,16/10/2002,24,Male,34740,2,Low,2,1,Active,15/05/2017,1173.1,InsufficientFunds,Branch,3,65,29/06/2017,4299.72,TechnicalError,CallCenter,3,79,13/08/2017,8704.15,TechnicalError,App,2,58,27/09/2017,4228.86,CardExpired,Branch,2,179,,,,,,,185,04/09/2025,,,107,28/06/2025,121,06/05/2025,143,24/06/2025
300400,22/03/2002,23,Female,95491,2,High,3,1,Expired,14/11/2019,2757.16,InsufficientFunds,Branch,3,85,,,,,,,,,,,,,,,,,,,,,,,,,192,02/10/2025,,,114,04/07/2025,,,,
300401,14/08/1994,31,Male,73599,3,Medium,4,1,Expired,06/05/2021,6177.33,CardExpired,App,3,14,20/06/2021,4351.19,CardExpired,Branch,3,88,04/08/2021,8158.36,CardExpired,Branch,1,168,18/09/2021,7569.22,CardExpired,App,1,86,,,,,,,,,,,,,,,,
300402,08/04/1961,65,Male,83519,3,Medium,4,0,Blocked,19/09/2022,863.2,TechnicalError,App,2,102,03/11/2022,9466.8,TechnicalError,CallCenter,3,125,18/12/2022,3001.82,InsufficientFunds,CallCenter,1,126,01/02/2023,3843.59,TechnicalError,Branch,2,27,18/03/2023,1962.3,InsufficientFunds,App,3,63,,,,,,,,,107,03/04/2025
300403,27/10/1998,27,Male,71191,6,High,2,1,Blocked,19/02/2024,9642.15,InsufficientFunds,Branch,1,49,,,,,,,,,,,,,,,,,,,,,,,,,,,190,17/09/2024,,,135,30/04/2024,124,03/06/2024
300404,23/04/1998,27,Female,87403,2,Medium,1,0,Expired,13/09/2018,7830.72,CardExpired,Branch,2,95,28/10/2018,6448.43,InsufficientFunds,CallCenter,2,67,12/12/2018,7244.22,InsufficientFunds,App,1,46,26/01/2019,6349.44,CardExpired,CallCenter,3,155,12/03/2019,7217.01,InsufficientFunds,Branch,2,17,174,24/06/2025,181,08/11/2025,193,09/03/2025,141,01/02/2025,,
300405,22/01/1972,54,Female,74322,2,Low,1,0,Expired,13/07/2016,2468.81,CardExpired,CallCenter,1,56,27/08/2016,6229.65,CardExpired,Branch,3,60,11/10/2016,9600.36,InsufficientFunds,Branch,3,150,,,,,,,,,,,,,,,187,15/11/2025,125,13/12/2025,162,21/07/2025,104,11/01/2026
300406,04/10/1998,27,Female,34134,1,Medium,2,1,Expired,11/10/2015,8305.14,InsufficientFunds,CallCenter,2,64,25/11/2015,739.14,TechnicalError,App,1,151,09/01/2016,9491.33,CardExpired,CallCenter,1,92,23/02/2016,8780.81,CardExpired,Branch,1,4,,,,,,,,,,,,,148,03/05/2024,,
300407,23/12/1946,79,Male,88474,9,Low,4,0,Expired,11/02/2020,6912.5,CardExpired,App,1,136,27/03/2020,4257.59,InsufficientFunds,App,3,46,11/05/2020,3155.16,CardExpired,Branch,1,46,25/06/2020,9444.4,InsufficientFunds,Branch,3,67,09/08/2020,8613.62,InsufficientFunds,App,2,68,131,28/09/2024,156,09/04/2025,175,23/02/2025,,,151,28/01/2025
300408,05/12/2003,22,Female,10575,5,Medium,3,0,Blocked,04/04/2022,5630.85,CardExpired,App,2,33,,,,,,,,,,,,,,,,,,,,,,,,,134,01/11/2024,,,,,,,,
300409,03/06/1959,67,Female,94180,3,Low,1,0,Blocked,18/12/2018,4530.78,CardExpired,Branch,2,105,01/02/2019,9163.84,CardExpired,Branch,1,95,,,,,,,,,,,,,,,,,,,106,04/05/2025,,,186,22/01/2026,115,29/10/2025,,
300410,13/04/1957,69,Male,59788,4,Low,1,1,Blocked,14/04/2022,9726.97,CardExpired,CallCenter,3,33,29/05/2022,2323.68,InsufficientFunds,Branch,2,54,13/07/2022,4634.03,InsufficientFunds,App,1,123,27/08/2022,5813.64,TechnicalError,Branch,2,26,11/10/2022,7037,InsufficientFunds,App,2,82,160,26/03/2025,,,,,167,08/05/2025,186,29/08/2025
300411,10/07/2006,19,Female,82682,9,Medium,2,0,Active,24/04/2018,1656.69,InsufficientFunds,Branch,3,43,08/06/2018,7907.23,CardExpired,App,2,57,23/07/2018,3073.23,InsufficientFunds,Branch,2,83,06/09/2018,1970.21,InsufficientFunds,CallCenter,1,177,,,,,,,113,28/11/2024,119,31/01/2025,,,106,23/03/2024,,
300412,16/07/1996,29,Other,62195,6,Low,3,0,Expired,30/03/2017,670.87,CardExpired,Branch,3,3,14/05/2017,3315.94,CardExpired,Branch,3,6,28/06/2017,8318.94,TechnicalError,Branch,3,127,12/08/2017,7294.18,TechnicalError,App,3,149,26/09/2017,5513.93,TechnicalError,App,2,53,,,,,194,16/06/2024,,,151,15/12/2024
300413,07/03/1974,52,Female,88725,2,High,1,0,Blocked,26/10/2017,7580.45,TechnicalError,Branch,1,58,10/12/2017,5308.05,TechnicalError,Branch,1,9,24/01/2018,9446.61,TechnicalError,Branch,2,135,,,,,,,,,,,,,,,,,157,18/09/2025,,,,
300414,02/05/1950,75,Other,54548,1,High,1,1,Expired,21/07/2024,6052.39,CardExpired,App,1,92,04/09/2024,765.27,InsufficientFunds,CallCenter,1,132,,,,,,,,,,,,,,,,,,,,,,,,,158,23/12/2024,,
300415,19/04/2001,24,Female,32259,1,High,3,0,Blocked,05/09/2018,5637.89,InsufficientFunds,CallCenter,3,116,20/10/2018,8764.29,CardExpired,App,1,101,,,,,,,,,,,,,,,,,,,,,143,16/01/2025,,,,,188,31/01/2025
300416,20/12/1967,59,Male,34940,6,High,3,1,Expired,04/12/2019,9026.37,TechnicalError,Branch,1,111,18/01/2020,3325.49,TechnicalError,Branch,2,121,03/03/2020,6829.96,TechnicalError,App,3,94,17/04/2020,7838.15,CardExpired,Branch,3,40,01/06/2020,8523.43,TechnicalError,App,1,23,,,,,,,,,181,24/08/2025
300417,20/07/1954,71,Other,86388,3,Low,4,0,Blocked,24/04/2020,1038.85,TechnicalError,CallCenter,2,12,08/06/2020,2743.74,TechnicalError,App,1,123,,,,,,,,,,,,,,,,,,,,,,,,,,,110,21/08/2024
300418,13/01/1952,73,Male,14247,4,High,1,0,Expired,02/07/2021,7990.54,InsufficientFunds,App,1,26,16/08/2021,9200.04,InsufficientFunds,App,3,163,,,,,,,,,,,,,,,,,,,138,25/08/2025,144,04/04/2025,,,,,194,19/07/2025
300419,27/10/1955,70,Female,64091,9,High,4,0,Blocked,05/03/2022,8862.59,CardExpired,App,1,160,19/04/2022,7258.08,CardExpired,CallCenter,3,152,03/06/2022,4215.68,CardExpired,App,1,21,18/07/2022,1751.36,TechnicalError,Branch,3,65,,,,,,,137,09/12/2024,100,17/04/2025,190,11/07/2025,193,24/01/2025,,
300420,17/09/2001,24,Female,23186,5,High,1,0,Active,06/01/2022,8102.07,CardExpired,CallCenter,1,139,20/02/2022,9591.11,InsufficientFunds,CallCenter,3,104,,,,,,,,,,,,,,,,,,,127,21/03/2025,189,03/11/2024,123,28/02/2025,140,21/04/2025,,
300421,21/04/1952,74,Female,86666,4,Medium,3,0,Blocked,06/02/2023,3923.3,TechnicalError,App,2,36,,,,,,,,,,,,,,,,,,,,,,,,,,,,,144,28/03/2025,157,05/09/2025,,
300422,27/12/1963,62,Other,80115,7,High,1,0,Blocked,08/12/2023,940.17,InsufficientFunds,CallCenter,3,42,,,,,,,,,,,,,,,,,,,,,,,,,,,,,,,179,14/09/2024,178,03/01/2025
300423,26/11/1990,35,Female,98412,4,High,1,1,Expired,12/08/2018,8836.49,TechnicalError,CallCenter,2,75,26/09/2018,5507.56,CardExpired,Branch,3,133,,,,,,,,,,,,,,,,,,,,,,,,,105,11/02/2025,100,08/09/2025
300424,06/01/1946,79,Female,11008,9,High,1,1,Blocked,07/03/2024,8615.29,CardExpired,App,1,103,,,,,,,,,,,,,,,,,,,,,,,,,183,04/09/2024,103,06/10/2024,148,06/10/2024,,,190,08/05/2025
300425,21/05/2005,20,Female,72758,5,High,2,0,Active,26/03/2020,4360.77,CardExpired,App,3,57,,,,,,,,,,,,,,,,,,,,,,,,,,,,,,,,,151,13/10/2024
300426,24/08/1960,66,Female,27175,4,Low,3,1,Expired,03/07/2023,4825.38,CardExpired,CallCenter,1,87,17/08/2023,1016.12,InsufficientFunds,App,2,14,,,,,,,,,,,,,,,,,,,,,,,,,,,,
300427,07/06/1968,57,Female,53025,2,High,4,0,Blocked,30/06/2017,1176.27,TechnicalError,CallCenter,3,176,,,,,,,,,,,,,,,,,,,,,,,,,160,02/03/2025,,,129,07/10/2024,,,152,30/09/2024
300428,19/01/1970,55,Other,49761,3,Medium,3,0,Blocked,11/07/2019,3812.02,CardExpired,Branch,3,137,25/08/2019,5735.09,CardExpired,Branch,1,104,09/10/2019,6270.36,CardExpired,App,2,157,23/11/2019,8708.4,CardExpired,Branch,1,118,,,,,,,175,12/06/2024,183,19/10/2024,,,,,,
300429,26/11/2000,25,Other,83209,5,Low,2,1,Expired,05/02/2018,3240.79,InsufficientFunds,App,1,34,,,,,,,,,,,,,,,,,,,,,,,,,,,,,,,120,29/04/2025,117,12/08/2025
300430,24/03/1950,76,Female,47716,3,Low,4,1,Expired,19/04/2022,2154.56,InsufficientFunds,Branch,1,169,03/06/2022,9522.35,CardExpired,App,3,121,18/07/2022,2880.18,TechnicalError,Branch,1,111,01/09/2022,9334.86,TechnicalError,App,2,22,16/10/2022,994.45,InsufficientFunds,Branch,1,95,,,137,30/12/2025,196,14/02/2026,,,,
300431,05/11/1956,69,Male,94924,5,High,2,0,Active,14/08/2023,1771.87,TechnicalError,Branch,2,143,,,,,,,,,,,,,,,,,,,,,,,,,157,18/01/2025,183,04/04/2025,,,,,,
300432,14/06/1990,36,Other,12435,9,High,1,1,Active,03/12/2024,1861.22,InsufficientFunds,CallCenter,1,179,,,,,,,,,,,,,,,,,,,,,,,,,159,24/04/2026,,,129,17/07/2025,,,,
300433,18/09/1993,32,Male,57580,2,Low,2,1,Active,22/08/2015,1844.1,InsufficientFunds,App,3,152,,,,,,,,,,,,,,,,,,,,,,,,,139,06/07/2024,,,,,,,,
300434,25/10/1947,78,Male,38965,7,Low,1,0,Blocked,05/06/2023,8467.77,CardExpired,CallCenter,2,49,20/07/2023,2774.45,InsufficientFunds,App,3,173,03/09/2023,1246.21,InsufficientFunds,App,1,38,18/10/2023,8114.51,CardExpired,CallCenter,1,25,,,,,,,124,18/10/2024,,,132,16/06/2025,132,10/10/2024,105,29/07/2024
300435,21/05/1945,80,Male,47303,6,Medium,1,1,Active,07/06/2018,2434.8,TechnicalError,CallCenter,2,100,22/07/2018,3963.4,CardExpired,Branch,1,100,,,,,,,,,,,,,,,,,,,105,26/04/2025,103,07/08/2025,,,178,19/12/2024,196,28/01/2025
300436,24/08/1949,76,Female,53760,2,Medium,2,1,Active,13/05/2022,4804.98,TechnicalError,Branch,3,59,,,,,,,,,,,,,,,,,,,,,,,,,191,12/10/2024,180,18/12/2024,,,,,,
300437,17/10/1991,34,Other,12289,9,Low,3,0,Active,14/10/2021,3678.33,TechnicalError,App,1,50,28/11/2021,8290.3,TechnicalError,App,1,17,12/01/2022,6146.06,TechnicalError,App,3,6,26/02/2022,7032.13,InsufficientFunds,Branch,1,124,,,,,,,161,30/07/2024,,,,,,,,
300438,02/03/1982,43,Female,10750,6,Low,2,0,Blocked,09/10/2016,8920.85,InsufficientFunds,Branch,2,26,23/11/2016,2047.75,InsufficientFunds,Branch,2,26,07/01/2017,5796.25,TechnicalError,App,3,71,21/02/2017,4660.52,InsufficientFunds,CallCenter,1,124,,,,,,,187,14/09/2025,,,166,05/07/2025,,,,
300439,07/09/1999,26,Female,63627,8,Medium,2,1,Blocked,30/08/2016,3211.45,TechnicalError,CallCenter,1,37,14/10/2016,2177,CardExpired,App,1,66,28/11/2016,4823.36,TechnicalError,Branch,1,157,12/01/2017,7895.83,TechnicalError,CallCenter,3,157,,,,,,,,,,,119,16/02/2025,168,08/10/2024,114,22/09/2024
300440,08/07/1992,33,Male,81497,7,High,1,1,Expired,03/10/2016,7337.45,CardExpired,CallCenter,3,46,17/11/2016,5380.76,TechnicalError,App,1,96,01/01/2017,5995.03,TechnicalError,Branch,2,164,15/02/2017,6963.21,TechnicalError,App,2,129,01/04/2017,6400.3,TechnicalError,CallCenter,3,105,122,22/05/2024,153,22/12/2024,,,,,177,22/09/2024
300441,09/04/1970,55,Male,69210,1,Low,1,0,Active,15/10/2017,5150.62,InsufficientFunds,CallCenter,1,53,,,,,,,,,,,,,,,,,,,,,,,,,,,166,04/04/2025,,,101,28/08/2024,100,10/06/2024
300442,13/07/1947,78,Female,87961,7,Low,4,0,Active,25/10/2021,3228.89,TechnicalError,CallCenter,1,163,09/12/2021,6457.35,InsufficientFunds,CallCenter,1,145,23/01/2022,1808.38,InsufficientFunds,CallCenter,1,114,09/03/2022,6540.74,CardExpired,CallCenter,3,160,,,,,,,126,26/02/2025,110,30/12/2024,,,,,,
300443,01/01/1987,38,Male,99402,2,High,2,1,Active,17/04/2020,3050.13,TechnicalError,CallCenter,2,80,01/06/2020,709.13,InsufficientFunds,Branch,1,125,16/07/2020,6603.95,CardExpired,Branch,2,170,,,,,,,,,,,,,,,,,,,,,,
300444,13/09/1979,46,Male,13893,9,High,1,0,Blocked,08/03/2022,239.79,TechnicalError,CallCenter,2,3,,,,,,,,,,,,,,,,,,,,,,,,,,,191,28/03/2025,193,09/06/2025,,,,
300445,10/06/1946,79,Other,21492,2,High,3,1,Expired,02/04/2024,1699.47,TechnicalError,App,1,126,17/05/2024,7577.73,TechnicalError,Branch,2,170,01/07/2024,8410.72,InsufficientFunds,Branch,2,147,15/08/2024,5246.18,TechnicalError,App,2,137,29/09/2024,1296,CardExpired,CallCenter,3,51,,,,,,,,,133,14/12/2024
300446,07/12/1951,74,Female,22318,4,Medium,1,1,Expired,09/12/2024,8419.57,CardExpired,Branch,2,42,23/01/2025,2188.06,InsufficientFunds,CallCenter,1,65,09/03/2025,3334.17,TechnicalError,Branch,2,173,,,,,,,,,,,,,,,,,109,11/06/2025,,,,
300447,13/12/2002,23,Female,14850,5,Medium,3,0,Expired,10/07/2020,7122.2,TechnicalError,Branch,1,133,24/08/2020,6058.32,TechnicalError,App,3,85,08/10/2020,2912.4,CardExpired,CallCenter,1,134,22/11/2020,8214.89,TechnicalError,Branch,1,148,06/01/2021,2279.84,TechnicalError,Branch,1,119,165,03/03/2025,,,,,,,,
300448,21/10/1970,55,Female,59188,2,High,3,1,Blocked,20/06/2020,9276.21,InsufficientFunds,App,1,146,04/08/2020,9938.41,CardExpired,CallCenter,2,32,18/09/2020,6412.49,InsufficientFunds,CallCenter,3,26,02/11/2020,3273.95,TechnicalError,CallCenter,2,136,17/12/2020,2842.49,CardExpired,App,1,131,,,,,,,,,,
300449,05/12/1980,46,Other,35855,6,High,1,0,Active,03/02/2018,7089.68,CardExpired,CallCenter,1,27,20/03/2018,996.86,TechnicalError,Branch,1,135,04/05/2018,3826.03,TechnicalError,CallCenter,1,59,18/06/2018,2339.42,InsufficientFunds,Branch,3,3,02/08/2018,6437.89,CardExpired,Branch,3,73,,,,,,,,,152,28/11/2025
300450,16/04/1994,31,Female,28880,4,Medium,3,1,Expired,15/11/2022,136.7,TechnicalError,App,2,48,30/12/2022,6852.92,TechnicalError,CallCenter,2,1,13/02/2023,190.85,CardExpired,App,1,43,,,,,,,,,,,,,,,110,31/12/2024,,,116,02/12/2024,117,06/08/2024
300451,19/09/1990,35,Other,14692,5,Medium,4,1,Expired,22/05/2024,1993.7,InsufficientFunds,CallCenter,2,70,,,,,,,,,,,,,,,,,,,,,,,,,,,157,02/10/2025,,,,,,
300452,01/12/1986,39,Other,76575,5,Low,4,1,Expired,29/04/2015,206.65,CardExpired,CallCenter,2,11,13/06/2015,7360.81,CardExpired,Branch,1,7,28/07/2015,411,CardExpired,CallCenter,1,143,,,,,,,,,,,,,,,125,27/02/2025,194,03/01/2025,,,151,01/03/2025
300453,06/05/1998,28,Other,95507,8,Medium,4,0,Expired,20/08/2017,2138.51,TechnicalError,CallCenter,2,23,04/10/2017,5078.47,InsufficientFunds,App,1,160,,,,,,,,,,,,,,,,,,,,,147,15/11/2025,170,21/03/2026,,,,
300454,23/11/1987,38,Female,40683,6,High,1,0,Blocked,16/12/2022,1242.14,CardExpired,CallCenter,1,128,,,,,,,,,,,,,,,,,,,,,,,,,,,109,26/04/2025,,,,,153,09/12/2024
300455,14/06/1989,37,Female,92837,7,Low,3,1,Active,11/06/2016,9569,InsufficientFunds,CallCenter,1,150,26/07/2016,2966.29,CardExpired,CallCenter,2,2,09/09/2016,5389.32,InsufficientFunds,CallCenter,1,143,24/10/2016,2432.4,TechnicalError,Branch,1,26,,,,,,,131,22/03/2025,136,04/11/2025,167,13/12/2025,,,,
300456,12/05/1989,36,Other,54903,1,High,3,1,Blocked,31/10/2021,2056.54,CardExpired,Branch,1,179,,,,,,,,,,,,,,,,,,,,,,,,,,,120,25/06/2025,,,,,,
300457,16/11/1993,33,Male,61157,5,High,1,0,Expired,10/04/2024,5429.75,CardExpired,Branch,3,141,,,,,,,,,,,,,,,,,,,,,,,,,,,,,182,28/10/2025,154,02/05/2025,,
300458,23/10/1983,42,Female,69597,6,Low,1,0,Blocked,05/10/2023,1166.88,TechnicalError,App,1,99,19/11/2023,8859.03,TechnicalError,App,1,74,,,,,,,,,,,,,,,,,,,,,,,198,11/05/2025,,,151,27/06/2025
300459,19/08/2007,18,Other,62704,9,Medium,4,1,Active,02/06/2023,7574.9,CardExpired,CallCenter,1,179,17/07/2023,3300.93,InsufficientFunds,CallCenter,2,18,,,,,,,,,,,,,,,,,,,182,19/10/2025,,,189,03/03/2025,171,28/07/2025,184,11/07/2025
300460,05/08/1964,61,Female,33237,6,High,2,0,Active,17/03/2019,5265.97,TechnicalError,Branch,3,140,,,,,,,,,,,,,,,,,,,,,,,,,177,02/12/2024,120,27/03/2025,,,195,19/04/2025,,
300461,19/12/2003,22,Female,36092,2,High,2,1,Blocked,14/04/2023,4743.84,InsufficientFunds,App,2,35,29/05/2023,1259.48,CardExpired,Branch,2,114,13/07/2023,1044.7,TechnicalError,Branch,2,94,27/08/2023,4042.14,InsufficientFunds,App,3,154,11/10/2023,8106.15,InsufficientFunds,App,2,163,,,181,19/11/2024,131,20/10/2024,188,31/03/2025,,
300462,04/02/1995,30,Other,67345,3,Low,1,1,Active,30/01/2022,1897.65,TechnicalError,App,2,59,16/03/2022,7125.53,CardExpired,CallCenter,2,117,30/04/2022,8452.77,InsufficientFunds,Branch,2,77,14/06/2022,2333.67,InsufficientFunds,Branch,2,93,29/07/2022,2486.13,InsufficientFunds,CallCenter,1,61,191,02/10/2025,,,,,,,188,26/03/2025
300463,03/01/1978,47,Other,61664,5,High,3,1,Expired,04/01/2022,2464.51,TechnicalError,App,2,107,18/02/2022,1641.14,InsufficientFunds,Branch,1,166,,,,,,,,,,,,,,,,,,,,,,,,,,,,
300464,16/03/1942,84,Female,49610,1,Low,3,1,Active,15/05/2018,1918.95,CardExpired,Branch,1,13,29/06/2018,1033.39,InsufficientFunds,Branch,3,38,,,,,,,,,,,,,,,,,,,,,168,25/07/2025,,,,,170,30/07/2025
300465,16/04/1951,74,Other,36516,2,Low,4,0,Expired,13/10/2015,7165.38,CardExpired,App,3,89,27/11/2015,7980.79,InsufficientFunds,CallCenter,2,26,11/01/2016,7855.31,InsufficientFunds,App,2,10,25/02/2016,5842.2,InsufficientFunds,Branch,3,65,10/04/2016,2933.39,TechnicalError,CallCenter,1,21,,,,,171,06/06/2024,,,183,18/03/2024
300466,12/04/1999,26,Male,64520,9,High,2,1,Expired,30/12/2014,1530.68,InsufficientFunds,Branch,2,92,13/02/2015,5177.66,CardExpired,CallCenter,3,157,30/03/2015,3217.53,TechnicalError,App,1,21,14/05/2015,7022.26,CardExpired,App,2,83,28/06/2015,8991.52,InsufficientFunds,CallCenter,3,40,,,164,24/09/2024,110,07/09/2024,,,137,24/04/2025
300467,16/02/1959,66,Other,35933,4,Medium,3,0,Active,25/11/2021,9170.9,InsufficientFunds,CallCenter,3,18,,,,,,,,,,,,,,,,,,,,,,,,,,,,,100,23/10/2024,142,21/07/2024,159,09/06/2025
300468,08/12/1943,82,Other,92856,6,Low,4,0,Active,04/02/2016,8931.41,InsufficientFunds,App,1,76,20/03/2016,2534.65,CardExpired,CallCenter,1,120,,,,,,,,,,,,,,,,,,,,,,,,,183,16/04/2025,166,10/12/2024
300469,23/09/1982,43,Female,10206,9,Low,1,1,Active,26/03/2020,3403.35,CardExpired,CallCenter,2,83,10/05/2020,3717.47,InsufficientFunds,Branch,1,130,24/06/2020,6457.9,InsufficientFunds,CallCenter,2,69,08/08/2020,8077.92,CardExpired,Branch,2,113,,,,,,,178,05/10/2024,,,,,,,,
300470,25/11/1988,37,Female,17836,4,Medium,4,0,Active,30/01/2021,2174.68,CardExpired,CallCenter,1,114,,,,,,,,,,,,,,,,,,,,,,,,,,,106,25/11/2024,138,02/06/2024,,,,
300471,09/10/1951,74,Male,76220,5,Low,3,1,Active,06/07/2020,4974.24,CardExpired,Branch,1,78,20/08/2020,6568.59,TechnicalError,Branch,3,13,04/10/2020,7229.5,TechnicalError,CallCenter,1,68,18/11/2020,9585.54,InsufficientFunds,App,1,167,,,,,,,,,,,155,03/04/2025,,,,
300472,01/08/1986,39,Female,26977,3,Low,1,1,Blocked,21/05/2022,8086.15,TechnicalError,App,2,52,05/07/2022,7858.6,TechnicalError,CallCenter,3,171,19/08/2022,8464.86,TechnicalError,CallCenter,1,109,,,,,,,,,,,,,,,136,23/10/2024,,,,,,
300473,16/08/1968,58,Female,55087,8,High,1,1,Blocked,01/03/2018,1345.49,InsufficientFunds,App,3,18,15/04/2018,5342.98,InsufficientFunds,CallCenter,2,39,30/05/2018,1726.44,TechnicalError,App,3,152,,,,,,,,,,,,,162,06/02/2025,,,,,173,19/03/2025,116,13/01/2026
300474,13/07/1968,58,Male,13147,7,High,4,0,Blocked,14/10/2025,1186.06,TechnicalError,App,1,8,28/11/2025,4792.89,InsufficientFunds,CallCenter,3,7,12/01/2026,7435.16,InsufficientFunds,Branch,2,75,,,,,,,,,,,,,,,,,,,,,127,19/10/2025
300475,15/03/1965,61,Other,29610,9,Low,4,1,Blocked,01/07/2025,658.31,TechnicalError,App,3,134,,,,,,,,,,,,,,,,,,,,,,,,,149,08/05/2025,108,17/01/2026,,,122,20/11/2025,,
300476,08/09/1994,31,Male,22612,2,Medium,3,1,Active,29/06/2018,7186.97,CardExpired,Branch,1,135,13/08/2018,1724.87,CardExpired,Branch,3,84,27/09/2018,8167.24,CardExpired,CallCenter,2,53,,,,,,,,,,,,,,,,,178,14/03/2025,,,,
300477,12/09/1962,63,Other,55856,3,Medium,4,0,Blocked,12/01/2015,6537.09,InsufficientFunds,CallCenter,3,157,26/02/2015,1395.04,TechnicalError,CallCenter,2,5,12/04/2015,5324.17,CardExpired,App,3,141,27/05/2015,7962.84,CardExpired,App,3,92,,,,,,,195,09/07/2024,,,146,25/05/2024,,,176,06/03/2024
300478,04/11/1970,55,Male,85061,9,Low,4,1,Active,06/10/2022,4432.98,TechnicalError,CallCenter,3,157,20/11/2022,9886.46,TechnicalError,Branch,1,155,04/01/2023,124.71,InsufficientFunds,App,1,53,18/02/2023,875.82,InsufficientFunds,CallCenter,1,173,04/04/2023,7055.85,InsufficientFunds,App,3,153,140,02/06/2025,,,,,,,161,15/06/2025
300479,05/07/1984,41,Other,33630,3,Low,4,0,Expired,28/02/2020,7529.74,TechnicalError,CallCenter,3,76,13/04/2020,3098.33,TechnicalError,CallCenter,2,135,28/05/2020,9901.95,TechnicalError,Branch,2,26,12/07/2020,4239.58,TechnicalError,CallCenter,1,87,,,,,,,,,,,187,26/07/2024,103,10/08/2024,,
300480,08/12/1952,74,Female,65817,1,Low,3,1,Active,18/01/2017,9693.39,InsufficientFunds,App,1,48,04/03/2017,7919.19,TechnicalError,CallCenter,1,90,18/04/2017,622.83,InsufficientFunds,Branch,1,144,02/06/2017,2146.85,InsufficientFunds,CallCenter,1,53,17/07/2017,3674.45,InsufficientFunds,App,2,111,,,106,11/08/2025,,,101,09/08/2025,129,27/10/2025
300481,16/07/1968,58,Male,39374,3,Medium,2,0,Expired,28/05/2016,6815.48,CardExpired,CallCenter,2,171,12/07/2016,4089.05,InsufficientFunds,Branch,3,119,26/08/2016,3727.45,TechnicalError,Branch,3,164,,,,,,,,,,,,,,,,,190,21/11/2025,,,123,06/12/2025
300482,25/08/1958,67,Male,51787,8,Low,2,1,Expired,03/01/2018,6892.2,TechnicalError,CallCenter,3,177,17/02/2018,442.26,TechnicalError,CallCenter,2,46,,,,,,,,,,,,,,,,,,,,,,,,,,,181,28/11/2025
300483,24/02/1990,35,Male,50692,4,Low,1,1,Blocked,22/03/2016,6321.49,InsufficientFunds,CallCenter,1,62,06/05/2016,5874.32,CardExpired,Branch,3,136,20/06/2016,3189.42,CardExpired,CallCenter,2,150,04/08/2016,2903.22,CardExpired,Branch,3,72,18/09/2016,2612.95,InsufficientFunds,App,2,64,142,18/10/2024,,,121,05/12/2024,104,24/03/2025,,
300484,07/02/1988,37,Other,54115,1,High,4,1,Active,22/05/2022,7425.75,InsufficientFunds,Branch,1,85,,,,,,,,,,,,,,,,,,,,,,,,,110,21/11/2024,,,132,11/06/2025,,,,
300485,26/06/1973,52,Male,87285,8,High,3,0,Blocked,23/04/2020,1859.82,TechnicalError,Branch,2,1,07/06/2020,4006.96,TechnicalError,App,1,114,,,,,,,,,,,,,,,,,,,192,22/03/2025,,,,,,,155,14/01/2025
300486,18/10/1987,38,Female,97372,2,Medium,4,1,Expired,12/03/2024,3652.86,TechnicalError,Branch,1,116,26/04/2024,7875.49,InsufficientFunds,Branch,2,21,10/06/2024,8949.69,InsufficientFunds,Branch,3,43,25/07/2024,696.34,CardExpired,App,3,147,08/09/2024,8899.96,TechnicalError,Branch,2,72,131,04/09/2024,,,,,179,17/12/2024,,
300487,20/04/1951,75,Female,50121,5,High,2,1,Expired,03/03/2022,1898.49,InsufficientFunds,CallCenter,3,18,17/04/2022,9174.38,TechnicalError,App,2,60,01/06/2022,5564.04,InsufficientFunds,App,2,86,16/07/2022,7847.11,TechnicalError,CallCenter,1,116,30/08/2022,4026.44,InsufficientFunds,Branch,2,156,179,12/07/2025,,,,,,,,
300488,10/11/1993,32,Other,34464,6,High,2,0,Active,17/12/2015,7456.91,InsufficientFunds,Branch,1,102,,,,,,,,,,,,,,,,,,,,,,,,,,,,,144,29/11/2024,,,184,13/05/2025
300489,16/12/1966,59,Other,14878,7,High,3,1,Blocked,30/11/2019,7616.55,InsufficientFunds,Branch,3,85,14/01/2020,8138.55,TechnicalError,Branch,1,18,,,,,,,,,,,,,,,,,,,111,22/11/2024,133,23/03/2025,,,123,30/05/2025,112,28/09/2025
300490,04/04/1981,44,Male,99594,5,High,2,0,Blocked,05/12/2021,1108.63,InsufficientFunds,CallCenter,1,54,,,,,,,,,,,,,,,,,,,,,,,,,174,02/12/2024,,,,,,,146,09/12/2024
300491,13/03/1947,79,Male,75848,8,High,1,0,Active,15/10/2017,5533.46,InsufficientFunds,CallCenter,3,67,29/11/2017,7977.91,TechnicalError,App,3,137,13/01/2018,2800.81,CardExpired,CallCenter,3,178,27/02/2018,4156.75,InsufficientFunds,App,3,168,13/04/2018,7276.38,InsufficientFunds,Branch,3,30,,,167,23/02/2026,124,27/06/2025,,,,
300492,16/07/1978,47,Male,84723,9,Low,1,0,Blocked,25/11/2017,615.63,InsufficientFunds,Branch,2,171,09/01/2018,9407.48,TechnicalError,App,1,1,23/02/2018,8006.08,TechnicalError,CallCenter,2,64,,,,,,,,,,,,,,,,,,,100,12/05/2025,,
300493,03/12/1971,54,Male,74803,4,Low,2,0,Expired,25/11/2015,428.89,TechnicalError,CallCenter,1,178,09/01/2016,570.5,CardExpired,CallCenter,2,78,23/02/2016,737.31,TechnicalError,App,1,139,08/04/2016,1743.29,InsufficientFunds,CallCenter,2,41,,,,,,,115,07/08/2024,,,,,,,,
300494,04/12/2003,22,Female,94051,8,Low,4,0,Blocked,18/08/2021,8622.3,CardExpired,App,1,109,02/10/2021,3500.25,TechnicalError,CallCenter,3,104,16/11/2021,5013.3,InsufficientFunds,App,3,55,31/12/2021,4697.05,CardExpired,CallCenter,3,45,,,,,,,,,,,,,,,119,08/05/2024
300495,03/03/1944,81,Other,32484,2,High,4,0,Expired,04/07/2024,9098.39,TechnicalError,CallCenter,3,140,18/08/2024,7112.7,InsufficientFunds,App,1,143,02/10/2024,3186.65,InsufficientFunds,Branch,1,86,,,,,,,,,,,,,,,,,199,10/11/2024,157,25/11/2024,184,08/07/2024
300496,22/04/1943,82,Other,37870,8,Medium,2,1,Expired,29/10/2016,421.88,InsufficientFunds,Branch,3,69,13/12/2016,520.16,InsufficientFunds,App,1,127,27/01/2017,7842.69,InsufficientFunds,Branch,2,129,,,,,,,,,,,,,130,13/04/2025,,,,,191,11/04/2025,168,16/03/2025
300497,08/05/1958,67,Other,92284,6,Low,4,1,Active,29/11/2023,2749,InsufficientFunds,Branch,3,52,13/01/2024,4320.87,InsufficientFunds,App,3,39,27/02/2024,3337.56,InsufficientFunds,CallCenter,3,17,12/04/2024,939.94,CardExpired,App,1,145,,,,,,,,,,,137,13/09/2024,170,16/02/2025,,
300498,03/01/1971,54,Male,95942,1,Low,2,0,Expired,13/12/2016,127.83,CardExpired,Branch,3,165,27/01/2017,6692.55,TechnicalError,CallCenter,3,142,,,,,,,,,,,,,,,,,,,,,,,,,127,29/03/2025,189,25/02/2025
300499,02/08/1985,40,Male,64637,5,Medium,1,1,Active,18/12/2017,3027.18,InsufficientFunds,CallCenter,1,23,01/02/2018,7976.03,CardExpired,CallCenter,2,50,,,,,,,,,,,,,,,,,,,109,09/10/2024,,,,,,,146,17/11/2024
300500,09/06/2007,18,Female,59881,8,High,2,1,Active,09/01/2017,2904.67,InsufficientFunds,Branch,3,179,23/02/2017,6424.17,CardExpired,App,1,160,09/04/2017,3840.21,CardExpired,Branch,3,48,,,,,,,,,,,,,,,152,31/07/2025,,,175,19/07/2025,,
300501,10/02/1948,77,Female,11019,8,High,1,1,Blocked,23/10/2023,9334.03,CardExpired,CallCenter,2,92,07/12/2023,8115.03,CardExpired,CallCenter,3,93,21/01/2024,8634.35,InsufficientFunds,Branch,1,109,06/03/2024,7450.5,TechnicalError,App,1,42,,,,,,,,,,,,,148,08/05/2024,175,17/06/2024
300502,10/05/1989,37,Other,70714,9,Medium,1,0,Blocked,15/07/2024,9104.72,TechnicalError,Branch,1,4,29/08/2024,5643.14,InsufficientFunds,CallCenter,2,115,,,,,,,,,,,,,,,,,,,,,130,16/12/2025,147,11/10/2025,188,08/12/2025,106,21/10/2025
300503,22/11/1955,71,Male,35316,6,Medium,2,0,Blocked,17/07/2025,1688.21,InsufficientFunds,CallCenter,2,98,31/08/2025,560.73,InsufficientFunds,Branch,1,159,,,,,,,,,,,,,,,,,,,,,,,197,15/11/2025,,,,
300504,14/06/1992,33,Other,41824,7,Low,4,1,Expired,22/05/2021,4672.9,TechnicalError,CallCenter,1,68,06/07/2021,6869.5,InsufficientFunds,CallCenter,3,42,20/08/2021,1830.23,CardExpired,Branch,1,31,04/10/2021,8033.61,InsufficientFunds,CallCenter,2,109,,,,,,,,,178,05/06/2025,198,10/11/2024,,,168,01/10/2024
300505,19/09/1963,62,Male,45149,8,High,2,0,Active,25/12/2024,6526,CardExpired,Branch,1,41,08/02/2025,6607.75,TechnicalError,CallCenter,3,10,25/03/2025,1950.81,InsufficientFunds,CallCenter,2,148,09/05/2025,4608.04,CardExpired,Branch,2,160,,,,,,,,,,,180,27/02/2025,189,24/07/2024,101,16/06/2025
300506,16/04/1947,78,Female,56155,5,Medium,2,0,Expired,23/05/2019,1047.77,TechnicalError,Branch,2,11,,,,,,,,,,,,,,,,,,,,,,,,,,,,,,,169,15/07/2024,,
300507,24/02/1945,80,Female,72354,3,Low,2,1,Expired,08/10/2016,1091.25,TechnicalError,App,3,129,22/11/2016,8118.71,InsufficientFunds,CallCenter,2,30,06/01/2017,3233.42,CardExpired,CallCenter,1,55,,,,,,,,,,,,,,,,,108,13/02/2025,188,03/11/2024,,
300508,20/10/1994,31,Male,84967,4,High,3,0,Expired,07/01/2018,2693.7,CardExpired,App,2,56,21/02/2018,6174.07,TechnicalError,App,1,25,07/04/2018,51.2,CardExpired,App,1,164,22/05/2018,5268.75,TechnicalError,Branch,3,165,,,,,,,173,01/02/2025,126,04/07/2024,,,,,,
300509,13/06/1976,50,Female,27286,5,Low,1,0,Active,21/02/2023,6729.15,InsufficientFunds,Branch,3,120,07/04/2023,6559.16,InsufficientFunds,App,1,30,,,,,,,,,,,,,,,,,,,,,,,,,,,,
300510,14/12/1969,57,Male,39990,8,Medium,3,0,Active,17/01/2025,7881.68,InsufficientFunds,CallCenter,3,119,03/03/2025,3400.06,TechnicalError,CallCenter,1,88,17/04/2025,7943.51,CardExpired,App,3,50,,,,,,,,,,,,,147,14/04/2026,,,,,192,18/05/2025,,
300511,18/01/1943,82,Male,93757,4,High,3,0,Expired,07/03/2016,8985.93,TechnicalError,Branch,1,170,21/04/2016,2916.29,InsufficientFunds,App,1,123,05/06/2016,9387.53,TechnicalError,CallCenter,2,44,20/07/2016,3973.49,TechnicalError,Branch,2,101,03/09/2016,2660.59,InsufficientFunds,CallCenter,2,111,171,19/03/2024,,,196,08/07/2024,,,176,21/12/2024
300512,04/02/2003,23,Other,82077,5,High,2,1,Expired,27/06/2025,6949.55,TechnicalError,CallCenter,3,177,11/08/2025,6477.53,InsufficientFunds,CallCenter,1,72,25/09/2025,8302.36,InsufficientFunds,App,3,63,09/11/2025,5930.15,TechnicalError,App,3,178,,,,,,,,,171,13/03/2025,158,19/08/2025,,,133,29/01/2026
300513,05/12/1988,37,Other,96375,5,Medium,1,0,Expired,17/01/2019,9221.77,CardExpired,App,1,56,03/03/2019,4263.21,InsufficientFunds,App,2,100,17/04/2019,5812.32,CardExpired,Branch,1,159,,,,,,,,,,,,,,,150,02/02/2025,,,164,20/03/2025,145,26/11/2024
300514,03/12/1981,44,Other,72185,9,High,4,1,Blocked,07/07/2021,7847.9,InsufficientFunds,CallCenter,3,50,21/08/2021,5343.11,InsufficientFunds,App,1,49,05/10/2021,8915.56,TechnicalError,Branch,1,52,,,,,,,,,,,,,109,08/03/2025,184,23/01/2025,172,28/05/2025,,,178,02/09/2025
300515,24/06/1948,77,Female,39100,5,Medium,1,1,Expired,18/07/2016,6635.67,CardExpired,Branch,3,137,01/09/2016,6349.11,InsufficientFunds,CallCenter,2,153,16/10/2016,4991.93,TechnicalError,Branch,2,161,30/11/2016,9218.83,InsufficientFunds,Branch,1,55,14/01/2017,5340.7,CardExpired,App,2,16,112,11/07/2024,,,,,168,11/02/2025,,
300516,16/10/1959,66,Other,34400,3,Low,3,0,Expired,09/04/2023,9064.74,CardExpired,CallCenter,2,116,,,,,,,,,,,,,,,,,,,,,,,,,160,11/02/2025,192,20/08/2025,,,,,,
300517,25/03/2001,24,Other,35718,2,Medium,4,1,Blocked,03/11/2015,7342.35,CardExpired,App,1,96,18/12/2015,1662.74,TechnicalError,CallCenter,2,159,01/02/2016,2285.54,CardExpired,CallCenter,2,55,,,,,,,,,,,,,,,137,09/06/2024,,,169,24/09/2024,,
300518,18/06/1960,65,Female,43331,9,Medium,3,0,Active,20/03/2025,2822.14,TechnicalError,App,2,161,,,,,,,,,,,,,,,,,,,,,,,,,,,,,,,,,106,31/07/2025
300519,16/04/1957,68,Other,23289,7,High,1,1,Blocked,30/12/2020,3473.19,TechnicalError,Branch,3,31,13/02/2021,9500.3,InsufficientFunds,CallCenter,1,109,,,,,,,,,,,,,,,,,,,179,20/09/2024,,,,,,,154,08/09/2025
300520,20/07/1984,41,Male,69138,2,Medium,4,1,Expired,12/10/2023,2280.79,TechnicalError,CallCenter,1,6,26/11/2023,8787.65,InsufficientFunds,CallCenter,3,70,10/01/2024,6062.22,InsufficientFunds,Branch,1,122,24/02/2024,3650.88,TechnicalError,Branch,3,42,09/04/2024,9717.71,CardExpired,Branch,2,146,,,,,109,30/09/2024,,,,
300521,22/08/1947,78,Male,94515,5,Low,1,0,Expired,02/05/2020,9444.18,CardExpired,Branch,2,37,16/06/2020,6428.51,CardExpired,CallCenter,2,68,31/07/2020,8451.42,InsufficientFunds,Branch,2,46,14/09/2020,3401.15,CardExpired,Branch,2,100,29/10/2020,3397.39,InsufficientFunds,Branch,1,128,186,07/08/2024,127,04/09/2024,,,,,,
300522,10/08/1990,35,Other,58821,1,High,2,1,Blocked,16/03/2018,2364.19,TechnicalError,CallCenter,2,169,,,,,,,,,,,,,,,,,,,,,,,,,,,,,171,20/02/2025,,,,
300523,14/05/1997,28,Other,42066,6,Medium,3,1,Expired,12/05/2023,1120.66,InsufficientFunds,App,2,98,26/06/2023,3003.5,TechnicalError,App,3,98,10/08/2023,3820.97,CardExpired,Branch,3,36,24/09/2023,5987.26,TechnicalError,App,2,107,08/11/2023,5188.52,TechnicalError,App,3,91,,,,,199,31/07/2024,199,20/08/2024,147,07/06/2024
300524,17/10/1978,47,Male,11478,8,Low,3,0,Blocked,17/08/2022,5228.27,InsufficientFunds,App,2,162,01/10/2022,7347.83,CardExpired,App,1,32,15/11/2022,740.3,InsufficientFunds,App,2,51,,,,,,,,,,,,,104,07/09/2024,,,,,137,01/06/2025,,
300525,17/02/1998,28,Other,61589,2,Low,4,0,Active,12/03/2021,2676.97,InsufficientFunds,Branch,1,17,26/04/2021,403.99,InsufficientFunds,Branch,1,162,,,,,,,,,,,,,,,,,,,,,,,,,132,08/02/2026,,
300526,12/02/2004,21,Other,58660,9,High,1,0,Blocked,18/02/2017,7328.3,InsufficientFunds,CallCenter,3,9,04/04/2017,8099.63,TechnicalError,Branch,3,4,19/05/2017,2968.68,TechnicalError,App,2,89,,,,,,,,,,,,,,,196,26/11/2025,,,,,116,09/01/2025
300527,15/11/1946,80,Male,17472,6,High,2,0,Active,09/02/2018,5764.45,InsufficientFunds,App,3,107,26/03/2018,5059.37,TechnicalError,CallCenter,1,57,,,,,,,,,,,,,,,,,,,191,03/09/2025,,,,,,,,
300528,12/09/1967,58,Male,24013,6,Low,3,0,Active,22/11/2019,5600.08,TechnicalError,App,1,38,06/01/2020,3487.37,CardExpired,App,2,80,20/02/2020,9166.57,TechnicalError,CallCenter,3,55,,,,,,,,,,,,,124,02/06/2025,,,,,158,13/11/2025,190,19/06/2025
300529,10/06/1998,28,Male,53309,5,Low,1,1,Blocked,25/05/2022,3287.24,TechnicalError,Branch,3,23,09/07/2022,1615.98,CardExpired,Branch,3,79,,,,,,,,,,,,,,,,,,,,,193,16/10/2025,,,,,,
300530,12/08/1948,78,Male,53967,7,Medium,3,1,Expired,20/03/2016,8536.26,CardExpired,App,1,43,,,,,,,,,,,,,,,,,,,,,,,,,,,,,,,,,183,30/05/2025
300531,24/11/1964,61,Other,15219,4,High,3,1,Expired,08/04/2018,6329.97,InsufficientFunds,Branch,2,121,23/05/2018,7708.96,TechnicalError,App,1,84,07/07/2018,758.51,CardExpired,Branch,3,179,21/08/2018,7734.84,InsufficientFunds,CallCenter,1,92,,,,,,,178,15/03/2025,,,,,111,13/07/2025,184,27/09/2025
300532,02/12/1978,48,Other,69731,5,Low,3,0,Active,06/01/2019,5806.5,InsufficientFunds,CallCenter,2,90,20/02/2019,1238.13,TechnicalError,Branch,2,167,06/04/2019,9344.65,TechnicalError,Branch,2,27,21/05/2019,8723.05,TechnicalError,CallCenter,3,128,05/07/2019,4184.73,InsufficientFunds,App,3,145,182,07/01/2026,,,,,,,,
300533,10/01/1950,75,Other,36349,9,Low,3,1,Blocked,21/10/2015,2344.74,InsufficientFunds,Branch,3,32,05/12/2015,9056.02,CardExpired,Branch,1,43,,,,,,,,,,,,,,,,,,,,,,,,,,,112,01/08/2025
300534,11/07/2005,20,Male,52747,7,Medium,1,1,Active,26/06/2015,5859.93,TechnicalError,App,2,96,,,,,,,,,,,,,,,,,,,,,,,,,140,08/09/2024,,,,,,,,
300535,20/12/1942,83,Male,80400,3,Medium,4,0,Active,07/12/2016,3768.3,TechnicalError,App,2,141,21/01/2017,9009.8,CardExpired,App,1,168,07/03/2017,3815.13,TechnicalError,CallCenter,3,162,21/04/2017,9827.61,TechnicalError,Branch,2,76,05/06/2017,1195.79,InsufficientFunds,App,3,133,177,16/09/2024,,,,,,,,
300536,22/01/1974,52,Female,69001,7,Medium,1,0,Expired,10/06/2021,9496.46,InsufficientFunds,Branch,2,166,25/07/2021,202.01,TechnicalError,Branch,3,141,08/09/2021,9642.49,CardExpired,CallCenter,2,165,23/10/2021,1612.28,InsufficientFunds,CallCenter,3,130,,,,,,,196,07/10/2025,,,131,01/05/2025,,,,
300537,12/11/1952,73,Other,12732,8,Medium,1,0,Expired,04/09/2015,9382.81,InsufficientFunds,Branch,3,150,,,,,,,,,,,,,,,,,,,,,,,,,,,118,09/10/2024,108,17/11/2024,,,135,11/07/2024
300538,11/04/1975,51,Female,11808,9,Medium,3,0,Expired,29/05/2019,8895.96,InsufficientFunds,Branch,3,109,13/07/2019,1282.92,CardExpired,App,3,36,27/08/2019,1770.42,InsufficientFunds,CallCenter,3,155,,,,,,,,,,,,,148,05/09/2025,193,27/11/2025,,,174,27/07/2025,,
300539,19/05/1988,37,Female,20215,1,High,4,0,Expired,13/10/2023,805.57,CardExpired,App,2,12,27/11/2023,7811.99,InsufficientFunds,Branch,1,73,11/01/2024,2356.36,TechnicalError,Branch,3,157,25/02/2024,1047.77,InsufficientFunds,CallCenter,3,41,10/04/2024,2824.45,CardExpired,CallCenter,1,168,131,04/11/2024,182,13/03/2025,,,143,14/05/2025,,
300540,18/01/1941,84,Female,62424,9,High,3,0,Active,03/01/2019,6430.12,TechnicalError,App,1,43,17/02/2019,4286.71,TechnicalError,App,1,135,03/04/2019,8900.11,InsufficientFunds,Branch,1,175,18/05/2019,8631.78,InsufficientFunds,Branch,3,167,,,,,,,169,11/11/2024,132,12/01/2025,,,,,104,16/03/2025
300541,03/07/1998,27,Male,57002,9,High,4,0,Blocked,05/07/2015,9655.29,InsufficientFunds,App,2,26,19/08/2015,735.58,InsufficientFunds,Branch,2,31,03/10/2015,3500.03,TechnicalError,CallCenter,2,157,,,,,,,,,,,,,,,150,04/10/2024,,,,,149,08/02/2025
300542,08/10/1995,30,Other,72251,6,Low,4,1,Expired,10/03/2024,5976.69,InsufficientFunds,CallCenter,3,36,24/04/2024,9017.02,TechnicalError,App,3,156,08/06/2024,7360.78,CardExpired,Branch,1,138,,,,,,,,,,,,,,,121,27/10/2024,196,02/08/2024,178,21/02/2025,,
300543,20/01/1953,73,Male,27170,9,Low,1,0,Expired,27/06/2020,388.25,TechnicalError,App,1,122,11/08/2020,7094.93,CardExpired,CallCenter,2,14,25/09/2020,7849.88,InsufficientFunds,App,3,8,09/11/2020,8439.9,CardExpired,CallCenter,1,158,24/12/2020,8234.44,CardExpired,App,2,106,154,01/12/2025,134,22/03/2025,116,03/08/2025,170,23/02/2025,195,30/06/2025
300544,05/08/2002,23,Male,39573,8,High,3,0,Expired,08/02/2018,5668.22,InsufficientFunds,App,2,81,25/03/2018,8021.47,CardExpired,App,2,121,09/05/2018,6338.92,InsufficientFunds,App,3,135,23/06/2018,4438.86,InsufficientFunds,CallCenter,2,55,,,,,,,161,10/03/2025,108,18/09/2024,,,139,06/08/2025,,
300545,22/08/1973,52,Other,84587,8,Low,4,1,Expired,25/03/2019,9071.14,TechnicalError,App,1,157,09/05/2019,5488.64,TechnicalError,App,2,129,23/06/2019,3637.7,TechnicalError,CallCenter,2,51,,,,,,,,,,,,,,,,,,,,,,
300546,16/01/2006,20,Female,79879,3,High,1,0,Blocked,19/07/2021,698.26,InsufficientFunds,CallCenter,1,29,02/09/2021,9406.81,InsufficientFunds,Branch,1,61,17/10/2021,6567.96,CardExpired,App,3,59,,,,,,,,,,,,,191,29/01/2026,168,01/07/2025,,,,,180,18/05/2025
300547,22/06/2006,19,Male,53745,3,Medium,3,1,Expired,15/11/2018,4677.45,TechnicalError,CallCenter,1,86,30/12/2018,9144.73,InsufficientFunds,Branch,3,18,13/02/2019,5270.54,CardExpired,Branch,2,83,30/03/2019,7878.29,CardExpired,Branch,1,143,14/05/2019,5715.69,CardExpired,CallCenter,3,113,,,,,119,05/09/2024,,,192,24/07/2024
300548,05/06/2003,22,Male,85328,3,Low,2,1,Active,15/11/2022,4754.64,CardExpired,Branch,1,5,30/12/2022,3407.53,InsufficientFunds,Branch,1,65,13/02/2023,5742.77,InsufficientFunds,App,2,68,,,,,,,,,,,,,,,177,08/07/2025,,,,,,
300549,16/02/1984,42,Other,73160,2,High,2,0,Blocked,03/02/2023,8440.22,InsufficientFunds,CallCenter,3,61,20/03/2023,7682.75,TechnicalError,CallCenter,3,3,04/05/2023,957.55,InsufficientFunds,App,1,88,18/06/2023,337.35,CardExpired,App,2,16,02/08/2023,5374.04,TechnicalError,Branch,3,169,,,139,21/12/2025,,,,,,
300550,02/04/1976,49,Male,87274,6,Medium,1,0,Blocked,19/01/2016,8514.07,CardExpired,CallCenter,3,129,04/03/2016,404.32,CardExpired,Branch,3,146,18/04/2016,7138.08,TechnicalError,Branch,2,74,02/06/2016,6813.79,InsufficientFunds,App,3,164,,,,,,,,,,,154,25/01/2025,,,109,18/08/2024
300551,02/01/1964,61,Other,12250,8,Medium,2,1,Blocked,21/12/2019,1606.43,CardExpired,Branch,1,28,04/02/2020,3960.47,InsufficientFunds,App,2,96,20/03/2020,3817.51,CardExpired,CallCenter,3,173,,,,,,,,,,,,,,,142,09/03/2025,,,,,171,13/07/2025
300552,10/01/1956,70,Male,21327,1,Low,3,0,Blocked,27/05/2024,6379.73,CardExpired,Branch,3,69,11/07/2024,418.69,InsufficientFunds,Branch,3,111,25/08/2024,1065.72,InsufficientFunds,App,1,36,09/10/2024,8106.9,InsufficientFunds,CallCenter,3,171,,,,,,,117,20/09/2025,186,09/04/2026,,,130,07/08/2025,,
300553,24/09/1964,61,Other,92004,7,Low,3,1,Active,16/11/2022,4559.48,CardExpired,App,1,55,31/12/2022,6809.42,TechnicalError,App,1,101,,,,,,,,,,,,,,,,,,,,,155,14/09/2024,183,07/03/2025,,,,
300554,23/10/2004,22,Other,30058,4,High,1,1,Blocked,28/04/2021,640.11,TechnicalError,CallCenter,3,170,,,,,,,,,,,,,,,,,,,,,,,,,,,,,,,105,20/05/2025,,
300555,01/10/1965,60,Male,40123,1,Low,1,0,Blocked,13/11/2023,7692.72,TechnicalError,App,1,153,,,,,,,,,,,,,,,,,,,,,,,,,139,15/11/2024,178,11/11/2024,,,,,,
300556,27/01/1964,62,Other,41398,3,Low,2,0,Expired,14/05/2016,3762.77,CardExpired,Branch,1,20,,,,,,,,,,,,,,,,,,,,,,,,,102,23/07/2025,,,131,08/11/2025,138,28/06/2025,109,07/07/2025
300557,21/12/1953,72,Other,77139,1,Medium,1,1,Active,18/12/2016,8514.93,InsufficientFunds,CallCenter,1,151,,,,,,,,,,,,,,,,,,,,,,,,,175,29/09/2024,,,,,120,13/04/2025,198,29/09/2024
300558,02/09/1955,70,Other,38896,3,High,1,1,Expired,01/09/2022,5831.98,InsufficientFunds,Branch,2,38,16/10/2022,7847.04,CardExpired,App,2,134,30/11/2022,3614.61,TechnicalError,CallCenter,3,36,14/01/2023,9249.41,InsufficientFunds,App,3,96,28/02/2023,2389.44,InsufficientFunds,CallCenter,3,115,170,07/12/2024,,,127,15/02/2025,,,148,11/06/2024
300559,19/06/2000,25,Male,75555,6,High,4,1,Blocked,28/07/2018,8685.08,InsufficientFunds,CallCenter,3,114,,,,,,,,,,,,,,,,,,,,,,,,,,,,,157,30/07/2024,165,10/12/2024,191,30/10/2024
300560,01/05/1987,38,Female,17748,7,Medium,1,1,Blocked,18/09/2020,5830.45,CardExpired,CallCenter,1,92,02/11/2020,7111.78,InsufficientFunds,App,3,46,,,,,,,,,,,,,,,,,,,,,,,,,,,,
300561,15/12/1992,33,Other,50423,7,Low,3,0,Expired,29/05/2016,1523.4,InsufficientFunds,CallCenter,1,143,13/07/2016,9830.76,CardExpired,Branch,2,75,,,,,,,,,,,,,,,,,,,171,11/06/2025,148,21/02/2025,178,17/03/2025,,,170,26/11/2025
300562,18/12/2006,19,Male,21155,1,Low,3,1,Expired,09/10/2016,7547.43,InsufficientFunds,CallCenter,3,43,,,,,,,,,,,,,,,,,,,,,,,,,,,178,24/12/2024,144,04/01/2025,123,24/05/2025,,
300563,04/11/1999,26,Male,29219,9,Medium,4,0,Blocked,31/12/2015,5608.39,TechnicalError,CallCenter,1,88,,,,,,,,,,,,,,,,,,,,,,,,,165,07/05/2025,,,,,,,,
300564,23/05/1943,82,Female,65817,2,High,2,0,Active,11/06/2017,5056.18,CardExpired,CallCenter,2,6,26/07/2017,2119.42,CardExpired,App,2,115,09/09/2017,9657.78,TechnicalError,Branch,1,146,,,,,,,,,,,,,,,132,15/10/2025,,,196,29/09/2025,,
300565,25/11/1970,55,Male,22240,5,Medium,3,0,Active,28/07/2021,8480.1,TechnicalError,Branch,1,48,11/09/2021,3876.56,TechnicalError,CallCenter,1,17,,,,,,,,,,,,,,,,,,,,,,,148,04/05/2024,,,172,06/12/2024
300566,07/09/1998,27,Male,92853,6,High,1,0,Expired,13/10/2018,9395.73,InsufficientFunds,Branch,1,82,27/11/2018,1435.95,TechnicalError,CallCenter,2,64,11/01/2019,6795.51,TechnicalError,App,1,129,25/02/2019,3241.65,InsufficientFunds,Branch,2,71,11/04/2019,6895.81,CardExpired,App,2,13,,,181,23/09/2024,,,103,21/12/2024,122,02/11/2024
300567,03/04/1971,54,Male,12613,7,Medium,4,1,Blocked,30/06/2022,7889.98,CardExpired,App,1,47,,,,,,,,,,,,,,,,,,,,,,,,,111,10/10/2024,109,26/05/2024,,,,,111,08/03/2025
300568,08/05/1962,63,Male,53828,1,Low,2,1,Expired,26/10/2015,9598.65,CardExpired,Branch,3,54,10/12/2015,8373.33,InsufficientFunds,CallCenter,2,118,24/01/2016,9348.46,CardExpired,App,3,134,,,,,,,,,,,,,108,23/11/2024,124,12/02/2024,125,15/03/2024,101,01/12/2024,132,29/10/2024
300569,01/03/1994,31,Female,20742,9,Low,3,1,Expired,17/07/2018,6830.3,TechnicalError,Branch,3,169,,,,,,,,,,,,,,,,,,,,,,,,,,,138,24/01/2025,,,139,30/11/2024,,
300570,17/11/1981,44,Male,42595,5,Low,1,1,Blocked,31/01/2022,279.39,InsufficientFunds,Branch,3,68,17/03/2022,5108.75,CardExpired,Branch,2,108,,,,,,,,,,,,,,,,,,,151,01/01/2025,,,116,27/12/2024,,,167,23/08/2024
300571,20/07/1979,46,Other,63809,4,Low,1,1,Active,22/04/2017,6119.31,CardExpired,Branch,2,23,06/06/2017,2171.13,InsufficientFunds,Branch,2,104,,,,,,,,,,,,,,,,,,,,,,,,,,,117,07/12/2024
300572,15/07/1979,47,Other,24351,5,High,4,1,Active,14/01/2018,2719.63,TechnicalError,Branch,2,62,28/02/2018,9190.46,InsufficientFunds,CallCenter,2,168,14/04/2018,1424.11,TechnicalError,CallCenter,3,176,29/05/2018,6113.26,InsufficientFunds,Branch,3,87,13/07/2018,8350.62,CardExpired,CallCenter,3,84,,,,,,,,,,
300573,10/02/1954,71,Other,96677,4,Medium,1,1,Blocked,11/12/2022,2205.48,CardExpired,CallCenter,3,109,25/01/2023,3342.27,TechnicalError,App,3,142,,,,,,,,,,,,,,,,,,,101,18/10/2024,,,115,30/05/2024,,,,
300574,15/06/1949,76,Other,70990,9,High,2,0,Expired,05/11/2019,5618.06,TechnicalError,Branch,2,48,20/12/2019,8513.88,TechnicalError,Branch,2,113,03/02/2020,8540.55,CardExpired,Branch,2,161,19/03/2020,6271.25,InsufficientFunds,Branch,3,2,,,,,,,136,28/09/2024,,,,,,,120,07/12/2024
300575,25/07/1944,82,Male,77467,6,Medium,2,0,Active,01/04/2019,8806.01,CardExpired,Branch,2,71,16/05/2019,8702.77,InsufficientFunds,CallCenter,2,77,30/06/2019,3337.12,CardExpired,Branch,3,75,14/08/2019,9384.22,TechnicalError,Branch,3,44,28/09/2019,6200.79,CardExpired,CallCenter,3,161,,,124,30/11/2025,,,127,18/12/2025,144,09/01/2026
300576,22/06/1984,42,Female,42356,6,High,3,1,Expired,02/06/2022,8935.63,InsufficientFunds,CallCenter,1,148,,,,,,,,,,,,,,,,,,,,,,,,,184,02/09/2025,178,31/07/2025,143,10/02/2026,155,23/01/2026,,
300577,10/07/1983,42,Other,61216,3,Low,2,1,Active,25/02/2021,4764.56,CardExpired,App,1,173,11/04/2021,7267.96,CardExpired,CallCenter,2,98,,,,,,,,,,,,,,,,,,,151,10/06/2025,110,17/03/2025,138,02/03/2025,,,,
300578,01/06/1953,72,Male,17017,6,Low,2,1,Active,29/08/2018,7560.34,InsufficientFunds,App,3,79,,,,,,,,,,,,,,,,,,,,,,,,,,,114,17/06/2024,123,08/10/2024,,,180,16/10/2024
300579,20/10/1965,61,Male,53371,5,High,1,0,Active,15/05/2018,3430.53,TechnicalError,App,1,57,,,,,,,,,,,,,,,,,,,,,,,,,107,29/11/2025,178,02/08/2025,126,14/01/2026,,,,
300580,01/07/1966,59,Female,39839,3,Low,1,0,Active,31/01/2022,5950.32,InsufficientFunds,Branch,2,78,17/03/2022,7632.71,InsufficientFunds,App,1,131,01/05/2022,7952.03,InsufficientFunds,Branch,3,168,15/06/2022,4792.34,TechnicalError,Branch,1,135,,,,,,,100,28/11/2024,180,30/03/2025,,,,,,
300581,06/04/2005,21,Other,47209,4,Medium,1,1,Active,14/04/2016,8729.72,CardExpired,App,1,12,29/05/2016,8620.21,CardExpired,App,1,94,13/07/2016,6758.46,InsufficientFunds,Branch,2,62,27/08/2016,9892.47,InsufficientFunds,Branch,1,161,11/10/2016,7227.85,InsufficientFunds,Branch,2,41,,,118,19/06/2025,,,,,164,08/09/2025
300582,04/01/2002,23,Female,91638,8,Medium,1,0,Expired,26/12/2022,2988.18,TechnicalError,App,2,121,09/02/2023,3227.53,CardExpired,App,1,102,26/03/2023,6860.3,TechnicalError,App,3,105,10/05/2023,2842.87,CardExpired,Branch,3,151,24/06/2023,4246.86,InsufficientFunds,App,2,95,,,118,30/03/2025,,,100,30/06/2025,,
300583,17/03/1944,81,Other,63225,5,Low,1,1,Blocked,07/04/2018,1435.98,CardExpired,Branch,1,122,22/05/2018,322.48,InsufficientFunds,App,1,175,06/07/2018,1714.12,InsufficientFunds,CallCenter,3,134,20/08/2018,7109.48,TechnicalError,Branch,1,79,04/10/2018,543.85,CardExpired,Branch,3,13,,,,,171,20/09/2025,,,157,30/10/2024
300584,07/11/1982,43,Female,72830,5,High,2,0,Blocked,26/12/2022,6884.86,InsufficientFunds,App,1,119,09/02/2023,408.35,CardExpired,App,1,18,26/03/2023,8158.68,TechnicalError,App,3,72,,,,,,,,,,,,,,,186,24/07/2024,103,16/09/2024,182,18/01/2025,129,01/01/2025
300585,24/08/1953,73,Female,99666,4,Low,4,1,Blocked,15/09/2018,3405.9,CardExpired,Branch,3,165,30/10/2018,6334.44,InsufficientFunds,App,1,115,14/12/2018,9627.7,TechnicalError,CallCenter,1,12,,,,,,,,,,,,,137,15/06/2025,178,28/01/2026,190,06/12/2025,,,,
300586,26/11/1948,77,Other,92033,8,High,4,1,Active,07/02/2018,1972.02,InsufficientFunds,Branch,3,8,24/03/2018,7360.5,InsufficientFunds,App,1,37,08/05/2018,8274.33,TechnicalError,App,2,5,22/06/2018,2496.81,TechnicalError,Branch,1,132,06/08/2018,5746.19,CardExpired,App,1,91,,,191,24/09/2025,141,17/02/2025,,,131,01/11/2024
300587,12/07/1956,70,Male,80903,5,High,1,0,Active,02/01/2021,6499.88,InsufficientFunds,Branch,3,94,16/02/2021,857.63,CardExpired,Branch,3,134,02/04/2021,8570.12,CardExpired,App,3,109,17/05/2021,3527.82,InsufficientFunds,CallCenter,2,105,01/07/2021,5813.09,CardExpired,CallCenter,2,166,,,,,,,,,,
300588,22/03/1981,45,Male,88305,5,Medium,1,0,Expired,01/02/2024,3383.02,TechnicalError,Branch,3,75,17/03/2024,7034.08,InsufficientFunds,CallCenter,2,135,01/05/2024,4127.88,InsufficientFunds,CallCenter,1,68,15/06/2024,8292.4,CardExpired,CallCenter,2,112,,,,,,,,,,,174,05/02/2025,,,,
300589,16/04/1993,33,Male,18869,4,High,2,0,Blocked,27/11/2025,7922.47,TechnicalError,Branch,3,44,11/01/2026,6862.44,CardExpired,App,2,4,,,,,,,,,,,,,,,,,,,118,03/06/2025,,,,,107,09/07/2025,,
300590,27/05/2004,21,Male,70404,8,Medium,3,0,Expired,21/01/2020,5904.32,TechnicalError,Branch,1,55,,,,,,,,,,,,,,,,,,,,,,,,,,,,,,,133,05/11/2024,,
300591,10/12/2000,26,Other,56452,6,Medium,1,0,Blocked,15/09/2018,210.14,InsufficientFunds,CallCenter,1,54,30/10/2018,2220.95,CardExpired,Branch,2,10,14/12/2018,2549.51,CardExpired,CallCenter,1,18,28/01/2019,6431.37,InsufficientFunds,CallCenter,2,109,,,,,,,,,,,,,113,28/12/2025,171,25/06/2025
300592,04/10/1969,56,Female,73622,3,Medium,3,1,Expired,14/06/2019,3444.31,InsufficientFunds,App,1,47,29/07/2019,5513.68,InsufficientFunds,App,1,166,12/09/2019,2255.15,CardExpired,Branch,2,47,,,,,,,,,,,,,,,,,156,23/01/2025,,,122,08/11/2025
300593,12/02/1958,68,Other,11283,9,High,3,0,Expired,21/09/2024,6231.71,CardExpired,App,1,88,05/11/2024,7710.32,InsufficientFunds,App,3,132,20/12/2024,6465.15,InsufficientFunds,CallCenter,1,21,,,,,,,,,,,,,158,08/02/2026,,,,,158,05/12/2025,145,21/08/2025
300594,08/04/1959,67,Female,72148,8,Low,1,0,Expired,28/12/2018,7837.52,TechnicalError,Branch,2,97,11/02/2019,5256.14,InsufficientFunds,App,3,164,28/03/2019,3740.94,InsufficientFunds,Branch,3,169,,,,,,,,,,,,,,,158,11/11/2025,,,,,,
300595,01/12/1973,52,Female,55808,5,Low,4,0,Expired,08/03/2018,6071.59,CardExpired,CallCenter,3,124,22/04/2018,3882.79,TechnicalError,Branch,1,106,06/06/2018,1863.8,InsufficientFunds,App,1,38,,,,,,,,,,,,,,,153,10/07/2025,156,15/12/2024,,,,
300596,08/10/1964,61,Other,74624,4,Medium,1,1,Expired,13/04/2021,8245,InsufficientFunds,App,2,73,28/05/2021,3012,InsufficientFunds,App,2,165,,,,,,,,,,,,,,,,,,,,,,,188,02/02/2025,119,07/09/2024,,
300597,03/09/1968,57,Female,36724,7,High,4,1,Expired,07/12/2017,7011.86,TechnicalError,Branch,3,92,,,,,,,,,,,,,,,,,,,,,,,,,,,,,174,04/08/2025,,,192,02/02/2025
300598,11/02/1999,26,Female,15592,5,Medium,4,1,Blocked,28/10/2016,4972.65,CardExpired,App,2,87,12/12/2016,4307.33,CardExpired,App,3,75,,,,,,,,,,,,,,,,,,,,,,,,,100,26/03/2024,,
300599,04/07/2006,19,Female,31008,2,Medium,4,0,Blocked,05/04/2023,624.1,TechnicalError,Branch,1,123,20/05/2023,7729.02,CardExpired,App,2,18,04/07/2023,3415.96,InsufficientFunds,App,1,83,18/08/2023,3584.72,CardExpired,Branch,1,27,02/10/2023,8088.75,TechnicalError,App,2,37,,,,,182,02/12/2024,155,11/12/2024,147,04/01/2025
300600,16/11/1946,80,Male,69750,9,High,3,0,Expired,28/03/2023,8173.68,TechnicalError,App,1,108,12/05/2023,2636.05,TechnicalError,Branch,2,51,26/06/2023,4314.77,InsufficientFunds,App,1,35,10/08/2023,3273.88,InsufficientFunds,App,1,167,24/09/2023,5309.85,TechnicalError,CallCenter,2,103,194,07/12/2025,,,148,06/11/2025,,,128,07/05/2025
300601,11/08/1976,50,Female,31167,3,Medium,4,1,Expired,09/04/2022,8155.19,CardExpired,App,2,81,24/05/2022,7796.51,InsufficientFunds,CallCenter,2,4,08/07/2022,3826.76,InsufficientFunds,App,1,176,22/08/2022,5119.48,CardExpired,CallCenter,3,88,,,,,,,181,30/07/2025,,,,,,,,
300602,18/10/2005,20,Male,55369,1,Medium,1,0,Blocked,29/12/2023,9962.41,CardExpired,App,2,178,12/02/2024,3710.33,TechnicalError,Branch,1,3,28/03/2024,3260.93,InsufficientFunds,App,3,5,,,,,,,,,,,,,,,,,,,100,22/04/2025,,
300603,25/09/1989,36,Other,52388,8,High,4,0,Active,03/03/2024,919.51,TechnicalError,Branch,1,112,,,,,,,,,,,,,,,,,,,,,,,,,116,06/05/2025,164,25/02/2025,,,109,09/08/2025,,
300604,22/06/1987,39,Female,22740,2,Low,1,1,Active,12/08/2021,7780.06,TechnicalError,CallCenter,2,163,26/09/2021,5032.84,CardExpired,App,1,99,,,,,,,,,,,,,,,,,,,,,159,15/01/2026,166,01/09/2025,,,,
300605,08/07/2003,23,Other,80646,2,High,1,0,Expired,28/06/2020,9591.06,TechnicalError,App,2,110,,,,,,,,,,,,,,,,,,,,,,,,,132,30/03/2025,193,17/06/2025,169,15/12/2025,187,23/09/2025,,
300606,15/07/1951,75,Male,46772,1,Medium,4,0,Blocked,12/05/2020,4895.3,CardExpired,CallCenter,2,56,26/06/2020,8481.62,InsufficientFunds,CallCenter,1,150,10/08/2020,6279.61,InsufficientFunds,CallCenter,2,8,,,,,,,,,,,,,196,13/12/2025,,,,,121,09/02/2026,,
300607,26/09/1981,44,Male,38981,5,High,3,1,Active,06/08/2018,615.21,CardExpired,App,3,20,20/09/2018,1092.39,InsufficientFunds,CallCenter,1,19,04/11/2018,6137.57,CardExpired,CallCenter,3,42,19/12/2018,5554.8,InsufficientFunds,Branch,1,76,02/02/2019,8417.34,InsufficientFunds,Branch,1,77,,,,,174,28/12/2024,113,14/09/2024,,
300608,03/12/1977,48,Female,16322,8,Low,1,1,Blocked,10/01/2019,7756.69,InsufficientFunds,CallCenter,2,159,,,,,,,,,,,,,,,,,,,,,,,,,,,,,,,,,174,18/02/2025
300609,11/01/1944,82,Female,94499,5,High,2,1,Blocked,05/04/2019,1189.48,TechnicalError,CallCenter,3,46,20/05/2019,778.35,CardExpired,CallCenter,3,55,04/07/2019,5617.21,InsufficientFunds,App,2,70,,,,,,,,,,,,,,,,,,,,,,
300610,07/01/1947,78,Male,93512,1,Low,4,1,Active,04/07/2023,5617.62,InsufficientFunds,Branch,1,32,18/08/2023,125.08,InsufficientFunds,CallCenter,1,39,02/10/2023,9194.63,TechnicalError,CallCenter,2,51,,,,,,,,,,,,,192,16/02/2025,149,04/02/2025,151,10/11/2024,116,07/04/2025,,
300611,17/07/1981,44,Male,17322,7,Low,2,0,Active,05/04/2022,6306.47,TechnicalError,Branch,3,174,,,,,,,,,,,,,,,,,,,,,,,,,160,06/11/2024,197,05/02/2025,,,,,,
300612,13/10/1985,40,Other,13345,7,High,1,1,Expired,12/12/2016,4377.55,InsufficientFunds,Branch,3,89,26/01/2017,9758,CardExpired,App,2,115,,,,,,,,,,,,,,,,,,,,,,,,,,,,
300613,22/02/1994,32,Female,66334,1,Medium,3,0,Blocked,07/06/2025,6954.43,InsufficientFunds,CallCenter,3,105,22/07/2025,8856.06,CardExpired,CallCenter,3,46,05/09/2025,4555.26,CardExpired,CallCenter,2,54,20/10/2025,7870.93,InsufficientFunds,App,2,101,,,,,,,,,109,22/05/2025,184,04/12/2025,,,,
300614,19/11/1961,64,Female,29661,6,Medium,3,0,Blocked,10/10/2024,9417.19,TechnicalError,CallCenter,1,60,24/11/2024,9644,InsufficientFunds,CallCenter,1,155,08/01/2025,4271.67,TechnicalError,App,1,134,,,,,,,,,,,,,,,,,167,05/03/2025,,,120,22/10/2024
300615,13/12/1987,39,Male,59582,8,High,1,1,Expired,01/12/2022,3941.75,InsufficientFunds,CallCenter,1,166,15/01/2023,4844.05,TechnicalError,App,2,144,01/03/2023,8416.52,TechnicalError,Branch,3,166,,,,,,,,,,,,,141,17/08/2025,,,,,,,177,21/11/2025
300616,04/05/1954,71,Male,29029,3,Medium,4,0,Expired,11/11/2023,7720.81,InsufficientFunds,CallCenter,3,52,,,,,,,,,,,,,,,,,,,,,,,,,,,112,24/01/2025,,,,,,
300617,26/08/1951,74,Male,59745,8,Low,1,0,Active,24/01/2019,2780.43,TechnicalError,CallCenter,1,143,10/03/2019,972.92,TechnicalError,CallCenter,2,95,,,,,,,,,,,,,,,,,,,,,,,143,10/06/2025,,,102,22/06/2025
300618,27/05/1948,77,Male,64871,3,High,3,1,Active,03/08/2021,3948.67,TechnicalError,Branch,3,72,17/09/2021,9512.25,CardExpired,CallCenter,3,67,01/11/2021,6824.03,CardExpired,App,3,113,,,,,,,,,,,,,,,199,27/02/2025,,,,,,
300619,26/08/2008,18,Male,79595,9,Medium,4,1,Expired,20/03/2025,4516,TechnicalError,CallCenter,2,56,,,,,,,,,,,,,,,,,,,,,,,,,,,,,,,166,14/08/2025,,
300620,06/01/1998,27,Female,77010,6,Medium,2,1,Expired,14/03/2025,67.8,TechnicalError,App,1,11,28/04/2025,1145.8,TechnicalError,CallCenter,3,152,,,,,,,,,,,,,,,,,,,,,,,,,148,23/11/2024,,
300621,24/06/1999,26,Male,22626,9,Medium,3,1,Expired,05/06/2023,5094.72,CardExpired,Branch,1,175,20/07/2023,3690.66,TechnicalError,Branch,3,172,03/09/2023,682.11,TechnicalError,CallCenter,2,64,18/10/2023,3818.82,CardExpired,Branch,3,163,02/12/2023,5854.02,InsufficientFunds,App,3,69,144,20/04/2025,180,23/07/2025,111,28/03/2025,122,12/08/2025,108,21/03/2025
300622,27/06/1942,84,Male,57398,5,Low,3,1,Expired,10/04/2024,4307.65,CardExpired,CallCenter,3,1,25/05/2024,9052.34,InsufficientFunds,App,3,108,09/07/2024,4926.87,InsufficientFunds,App,1,94,,,,,,,,,,,,,,,,,,,,,,
300623,24/02/1968,57,Other,66520,1,High,3,0,Active,22/05/2019,8788.09,InsufficientFunds,CallCenter,2,99,06/07/2019,8368.49,TechnicalError,App,1,93,20/08/2019,6056.71,CardExpired,App,2,57,04/10/2019,2163.7,CardExpired,Branch,1,29,,,,,,,,,,,,,,,,
300624,22/02/1952,73,Male,87660,6,High,1,0,Expired,15/03/2019,4844.09,InsufficientFunds,App,3,21,29/04/2019,84.54,CardExpired,App,1,101,13/06/2019,8325.44,InsufficientFunds,CallCenter,2,101,28/07/2019,7950.97,InsufficientFunds,App,1,139,11/09/2019,2560.23,TechnicalError,Branch,3,48,147,21/01/2025,,,169,04/06/2024,194,09/07/2024,,
300625,11/07/1998,27,Male,87813,9,Low,4,1,Active,29/06/2019,1984.47,InsufficientFunds,App,2,72,13/08/2019,7560.83,CardExpired,App,3,110,27/09/2019,4019.35,TechnicalError,CallCenter,2,89,,,,,,,,,,,,,115,12/08/2025,115,20/03/2025,,,135,07/01/2025,102,13/05/2025
300626,22/12/1972,53,Other,75777,8,Medium,1,1,Blocked,21/01/2015,8845.14,CardExpired,Branch,2,99,07/03/2015,1400.5,CardExpired,Branch,2,175,21/04/2015,460.64,InsufficientFunds,CallCenter,2,22,05/06/2015,2904.6,TechnicalError,Branch,1,108,20/07/2015,8248.47,TechnicalError,Branch,1,70,198,12/05/2024,,,,,148,17/04/2024,,
300627,02/10/1975,51,Female,91614,2,High,2,0,Active,12/01/2022,986.48,InsufficientFunds,Branch,2,36,26/02/2022,775.31,CardExpired,Branch,3,37,12/04/2022,9649.86,TechnicalError,CallCenter,1,137,27/05/2022,797.92,CardExpired,App,1,18,,,,,,,115,24/10/2025,196,18/02/2026,154,09/11/2025,190,25/12/2025,,
300628,14/02/1958,68,Other,91693,2,Low,2,1,Blocked,02/10/2019,6327.15,InsufficientFunds,Branch,3,89,16/11/2019,8644.14,TechnicalError,Branch,2,88,,,,,,,,,,,,,,,,,,,163,01/11/2025,,,,,109,27/06/2025,,
300629,22/09/1994,31,Female,49086,7,Medium,4,0,Blocked,04/12/2017,5471.15,TechnicalError,App,2,102,18/01/2018,3414.47,InsufficientFunds,CallCenter,2,11,04/03/2018,3749.66,TechnicalError,Branch,3,50,18/04/2018,7438.9,TechnicalError,App,1,2,,,,,,,,,,,152,07/02/2025,,,189,07/10/2024
300630,09/06/1966,59,Female,60195,9,Low,2,0,Active,12/02/2025,849.39,CardExpired,CallCenter,3,149,,,,,,,,,,,,,,,,,,,,,,,,,,,127,30/04/2025,,,,,167,23/01/2025
300631,19/08/1976,49,Female,39706,7,Medium,2,1,Expired,04/08/2018,5958.99,CardExpired,CallCenter,3,122,18/09/2018,4166.19,InsufficientFunds,CallCenter,3,147,02/11/2018,8634.11,CardExpired,Branch,2,54,,,,,,,,,,,,,,,,,102,28/01/2025,173,18/02/2025,,
300632,08/04/1979,47,Female,14188,5,Medium,3,0,Expired,29/04/2024,745.98,InsufficientFunds,CallCenter,2,78,13/06/2024,3646.01,InsufficientFunds,CallCenter,3,165,28/07/2024,9731.51,CardExpired,Branch,1,40,,,,,,,,,,,,,190,12/07/2025,102,14/09/2025,128,14/08/2025,,,,
300633,01/06/1943,82,Other,42931,6,Medium,4,1,Expired,06/05/2023,4306.21,InsufficientFunds,CallCenter,1,111,20/06/2023,1280.08,CardExpired,Branch,1,137,04/08/2023,1071.17,CardExpired,App,3,142,18/09/2023,8559.71,CardExpired,Branch,1,82,,,,,,,,,143,07/01/2025,,,,,,
300634,20/09/1991,34,Female,87355,4,Medium,4,1,Active,01/04/2024,8670.15,InsufficientFunds,CallCenter,3,140,,,,,,,,,,,,,,,,,,,,,,,,,,,119,04/12/2024,,,,,197,15/10/2024
300635,27/11/2003,22,Female,66378,4,Low,3,0,Expired,15/09/2021,4486.99,InsufficientFunds,CallCenter,3,104,,,,,,,,,,,,,,,,,,,,,,,,,,,107,15/02/2025,,,,,178,10/11/2024
300636,07/05/2006,19,Male,76467,6,High,2,0,Active,23/03/2024,6917.02,CardExpired,App,2,135,07/05/2024,5577.07,TechnicalError,App,1,59,21/06/2024,4874.77,InsufficientFunds,Branch,3,171,,,,,,,,,,,,,111,27/11/2024,,,119,16/03/2025,185,10/04/2025,,
300637,07/02/1978,47,Male,87087,4,High,4,0,Expired,18/04/2016,2778.39,InsufficientFunds,App,3,80,,,,,,,,,,,,,,,,,,,,,,,,,,,,,,,,,,
300638,03/06/1974,51,Male,60956,1,High,2,1,Expired,18/06/2016,709.75,CardExpired,App,2,157,02/08/2016,1595.15,TechnicalError,App,1,134,16/09/2016,9533.74,CardExpired,Branch,1,43,31/10/2016,7802.63,TechnicalError,Branch,1,55,,,,,,,140,20/05/2024,194,14/06/2024,,,,,,
300639,02/04/1983,42,Female,66954,2,High,4,0,Blocked,06/11/2018,7035.1,InsufficientFunds,Branch,3,170,21/12/2018,1741.49,CardExpired,CallCenter,2,132,04/02/2019,8271.72,TechnicalError,CallCenter,2,150,21/03/2019,4890.53,InsufficientFunds,Branch,3,132,05/05/2019,5700.07,TechnicalError,App,3,177,140,28/03/2025,187,22/09/2025,123,08/02/2025,,,,
300640,21/04/1979,46,Other,80432,4,Low,4,0,Blocked,23/12/2024,5645.73,InsufficientFunds,App,3,81,06/02/2025,9258.97,InsufficientFunds,Branch,3,28,,,,,,,,,,,,,,,,,,,,,132,18/01/2025,,,,,,
300641,05/09/1984,41,Male,66482,8,Medium,2,1,Expired,14/08/2016,418.6,CardExpired,App,3,105,28/09/2016,8551.94,TechnicalError,Branch,1,113,12/11/2016,243.09,InsufficientFunds,Branch,3,152,27/12/2016,8571.82,CardExpired,CallCenter,2,140,10/02/2017,3677.09,CardExpired,Branch,2,130,,,,,134,28/05/2024,196,28/11/2024,,
300642,16/08/1972,53,Other,37391,3,High,3,0,Active,27/07/2020,4269.8,TechnicalError,CallCenter,2,105,10/09/2020,3392.42,InsufficientFunds,CallCenter,2,60,25/10/2020,8305.95,TechnicalError,CallCenter,2,60,,,,,,,,,,,,,,,169,15/05/2025,122,21/12/2024,,,,
300643,04/05/1993,32,Other,52645,9,Low,1,0,Expired,11/11/2023,3541.66,CardExpired,CallCenter,3,158,26/12/2023,1806.27,CardExpired,Branch,2,91,09/02/2024,2256.22,TechnicalError,App,3,22,25/03/2024,2639.2,InsufficientFunds,Branch,2,99,09/05/2024,5605.46,InsufficientFunds,CallCenter,1,12,177,29/09/2024,,,,,138,18/11/2024,182,23/08/2024
300644,23/09/1951,75,Male,90460,1,High,2,0,Blocked,09/04/2020,2056.52,CardExpired,Branch,2,81,24/05/2020,4554.7,InsufficientFunds,App,2,159,08/07/2020,9465.4,InsufficientFunds,CallCenter,3,144,22/08/2020,1983.63,TechnicalError,App,3,91,,,,,,,,,,,,,,,119,19/06/2025
300645,09/04/2005,21,Male,20297,7,Medium,1,1,Active,27/11/2022,7280.77,CardExpired,Branch,1,16,11/01/2023,9225.81,InsufficientFunds,App,3,80,25/02/2023,6597.66,InsufficientFunds,App,3,141,,,,,,,,,,,,,,,149,25/03/2025,169,08/01/2026,,,,
300646,12/11/1955,70,Other,63212,2,Medium,2,1,Active,31/08/2020,2029.93,InsufficientFunds,CallCenter,1,117,15/10/2020,7067.1,CardExpired,Branch,3,65,,,,,,,,,,,,,,,,,,,127,09/10/2024,,,,,,,,
300647,20/05/1955,70,Other,74526,4,Low,2,1,Active,26/10/2021,6465.96,CardExpired,Branch,1,21,10/12/2021,3593.94,InsufficientFunds,Branch,2,117,24/01/2022,4493.08,InsufficientFunds,CallCenter,1,59,10/03/2022,8030.78,CardExpired,Branch,3,73,,,,,,,133,26/04/2024,,,,,168,10/01/2025,136,28/02/2024
300648,12/01/1997,28,Female,89192,6,High,2,1,Expired,16/06/2021,5634.38,InsufficientFunds,Branch,2,127,31/07/2021,1265.08,TechnicalError,CallCenter,2,33,14/09/2021,5198.39,InsufficientFunds,App,3,50,29/10/2021,172.58,TechnicalError,App,2,29,13/12/2021,7174.29,CardExpired,Branch,3,88,188,16/08/2025,149,10/02/2025,,,154,09/08/2025,,
300649,04/03/1941,84,Female,99892,3,High,1,1,Active,28/04/2020,8987.1,CardExpired,CallCenter,3,26,,,,,,,,,,,,,,,,,,,,,,,,,126,03/11/2024,105,28/10/2024,,,155,14/01/2025,,
300650,14/02/1975,50,Female,32319,9,Medium,3,1,Expired,24/09/2021,6657.54,CardExpired,CallCenter,3,46,08/11/2021,3558.03,TechnicalError,CallCenter,3,121,,,,,,,,,,,,,,,,,,,,,,,,,149,02/04/2025,,
300651,19/09/1974,51,Male,73482,7,Medium,3,1,Blocked,04/09/2015,6952.81,TechnicalError,App,2,9,19/10/2015,4430.74,InsufficientFunds,CallCenter,3,97,03/12/2015,4903.32,TechnicalError,App,1,170,17/01/2016,2428.68,TechnicalError,App,2,84,,,,,,,121,21/04/2025,181,26/03/2025,,,112,27/11/2025,,
300652,14/01/1993,32,Other,92729,8,Medium,2,0,Expired,17/09/2023,942.29,TechnicalError,Branch,1,96,,,,,,,,,,,,,,,,,,,,,,,,,179,03/11/2024,,,,,,,,
300653,22/12/1946,79,Female,21434,6,Low,3,0,Expired,11/01/2024,2745.32,TechnicalError,Branch,3,15,25/02/2024,8920.34,TechnicalError,App,1,142,,,,,,,,,,,,,,,,,,,,,,,161,20/10/2024,,,,
300654,12/08/1982,43,Other,71764,5,High,1,0,Active,02/11/2017,9999.03,CardExpired,App,2,20,17/12/2017,6369.79,TechnicalError,CallCenter,3,17,,,,,,,,,,,,,,,,,,,194,11/02/2025,,,112,07/08/2024,,,,
300655,03/11/1960,65,Male,89856,5,High,2,1,Active,13/08/2016,300.56,TechnicalError,Branch,1,30,27/09/2016,903.04,InsufficientFunds,App,1,175,11/11/2016,5583.19,TechnicalError,App,3,109,26/12/2016,8690.85,InsufficientFunds,App,1,111,,,,,,,,,196,03/04/2025,,,146,14/08/2024,,
300656,21/03/1975,50,Female,60689,6,Medium,2,1,Blocked,25/09/2020,7671.14,TechnicalError,Branch,2,46,09/11/2020,798,InsufficientFunds,Branch,3,143,,,,,,,,,,,,,,,,,,,190,25/09/2024,183,31/08/2024,157,01/05/2025,,,,
300657,19/03/1966,59,Other,53308,1,Medium,1,1,Blocked,30/12/2019,638.82,TechnicalError,Branch,3,118,13/02/2020,5460.52,TechnicalError,Branch,2,36,,,,,,,,,,,,,,,,,,,,,146,27/03/2025,,,,,,
300658,23/11/1943,82,Other,80595,4,High,4,1,Blocked,27/12/2018,1226.08,TechnicalError,App,2,172,10/02/2019,6467.49,InsufficientFunds,CallCenter,3,30,27/03/2019,3072.5,CardExpired,App,2,172,11/05/2019,5785.02,TechnicalError,App,1,31,,,,,,,,,199,08/04/2025,,,139,19/04/2025,157,07/05/2025
300659,18/09/1998,27,Male,77843,8,High,1,1,Blocked,27/12/2015,4235.4,InsufficientFunds,CallCenter,1,93,10/02/2016,9079.82,CardExpired,Branch,2,20,26/03/2016,8215.57,CardExpired,CallCenter,3,41,10/05/2016,5775.7,CardExpired,App,2,20,,,,,,,,,109,31/07/2025,,,,,149,10/11/2025
300660,12/02/1948,77,Female,12460,4,Medium,3,1,Expired,17/10/2018,4376.14,InsufficientFunds,CallCenter,2,116,01/12/2018,6263.91,TechnicalError,CallCenter,3,127,15/01/2019,386.55,CardExpired,CallCenter,3,38,,,,,,,,,,,,,,,,,,,193,27/11/2024,,
300661,02/03/1993,33,Female,74483,1,High,1,0,Active,05/01/2021,9420.7,TechnicalError,CallCenter,3,57,,,,,,,,,,,,,,,,,,,,,,,,,,,,,,,,,150,31/12/2025
300662,20/06/1951,74,Other,86817,2,Medium,3,0,Blocked,14/02/2019,4863.71,TechnicalError,CallCenter,2,47,,,,,,,,,,,,,,,,,,,,,,,,,,,160,04/03/2024,118,05/05/2024,120,31/08/2024,197,02/02/2024
300663,11/01/1963,62,Male,77011,6,Low,3,1,Expired,12/04/2016,4324.79,CardExpired,CallCenter,1,48,27/05/2016,8768.58,TechnicalError,Branch,3,160,,,,,,,,,,,,,,,,,,,,,,,,,,,,
300664,13/02/1985,40,Male,62703,4,Low,4,1,Blocked,14/12/2020,8923.88,InsufficientFunds,App,1,111,28/01/2021,2180.09,CardExpired,Branch,1,29,14/03/2021,535.05,InsufficientFunds,Branch,3,127,28/04/2021,6493.89,InsufficientFunds,App,2,88,,,,,,,132,03/08/2025,133,17/10/2024,106,28/08/2025,,,,
300665,03/12/1942,83,Female,44908,7,Low,2,0,Active,25/06/2020,488.06,TechnicalError,App,3,93,09/08/2020,7489.11,InsufficientFunds,App,1,143,23/09/2020,5937.22,InsufficientFunds,App,3,14,07/11/2020,3955.98,InsufficientFunds,Branch,1,78,,,,,,,,,,,,,159,08/01/2025,,
300666,17/07/1992,34,Male,90599,5,High,3,1,Expired,28/05/2017,7242.13,InsufficientFunds,Branch,3,82,12/07/2017,6044.84,InsufficientFunds,CallCenter,1,170,,,,,,,,,,,,,,,,,,,123,29/01/2026,,,,,112,28/07/2025,129,25/12/2025
300667,25/10/1947,78,Female,63564,7,Low,2,0,Expired,19/03/2023,9598.32,InsufficientFunds,Branch,2,25,03/05/2023,4676.89,CardExpired,Branch,2,31,17/06/2023,2681.56,TechnicalError,App,2,174,01/08/2023,7770.48,CardExpired,App,3,60,15/09/2023,4620.07,TechnicalError,App,2,83,141,25/03/2025,192,30/03/2025,,,126,28/03/2025,169,11/04/2025
300668,18/12/2002,23,Other,70907,3,Low,3,1,Blocked,16/08/2024,7611.24,InsufficientFunds,App,1,47,30/09/2024,7839.74,CardExpired,App,3,31,14/11/2024,293.29,TechnicalError,Branch,1,79,,,,,,,,,,,,,131,04/06/2025,,,101,07/06/2025,,,,
300669,04/08/1973,53,Female,43685,6,Medium,4,0,Blocked,08/02/2017,2403.59,CardExpired,Branch,3,71,,,,,,,,,,,,,,,,,,,,,,,,,102,05/07/2025,,,,,,,,
300670,17/10/1949,76,Male,47995,9,Low,1,1,Expired,23/12/2016,9021.05,TechnicalError,App,2,4,06/02/2017,358.72,TechnicalError,Branch,1,129,23/03/2017,3591.35,CardExpired,Branch,2,16,07/05/2017,8714.89,CardExpired,CallCenter,3,103,21/06/2017,9122.56,InsufficientFunds,Branch,3,57,157,10/06/2025,135,27/01/2025,,,,,,
300671,26/02/1951,74,Other,31774,5,High,1,1,Expired,06/11/2019,4666.45,CardExpired,Branch,1,155,21/12/2019,6030.1,TechnicalError,CallCenter,3,33,04/02/2020,8170.87,TechnicalError,App,1,97,20/03/2020,5367.41,InsufficientFunds,Branch,2,44,04/05/2020,3715.77,InsufficientFunds,Branch,1,51,,,174,10/01/2025,114,27/08/2024,,,,
300672,16/11/1946,80,Other,58150,1,Medium,3,1,Active,23/05/2019,7852.46,InsufficientFunds,App,2,150,07/07/2019,5896.1,CardExpired,Branch,3,19,21/08/2019,1843.65,InsufficientFunds,Branch,2,123,05/10/2019,6807.11,InsufficientFunds,Branch,1,70,,,,,,,,,,,,,169,06/10/2025,,
300673,22/07/1988,37,Female,53835,6,Low,3,1,Blocked,08/10/2018,1928.63,CardExpired,Branch,3,118,22/11/2018,3703.85,InsufficientFunds,App,2,21,06/01/2019,9803.35,TechnicalError,Branch,2,102,,,,,,,,,,,,,166,08/05/2025,109,09/10/2025,164,15/10/2025,,,,
300674,22/07/1984,41,Male,61003,8,Low,1,0,Active,19/01/2020,4865.45,CardExpired,App,3,100,04/03/2020,2727.2,CardExpired,CallCenter,3,166,,,,,,,,,,,,,,,,,,,,,,,177,09/01/2025,,,,
300675,21/07/1945,80,Female,57104,5,Medium,1,0,Expired,16/12/2017,9348.24,TechnicalError,Branch,1,45,,,,,,,,,,,,,,,,,,,,,,,,,,,,,154,22/11/2024,107,01/04/2025,,
300676,03/12/1986,40,Other,53853,8,Medium,1,0,Blocked,22/09/2016,781.89,CardExpired,CallCenter,1,38,06/11/2016,178.16,TechnicalError,App,2,87,21/12/2016,3815.23,TechnicalError,App,3,64,,,,,,,,,,,,,,,,,104,08/11/2025,119,21/02/2026,146,09/01/2026
300677,25/01/1998,28,Male,71243,1,Low,3,1,Blocked,05/01/2026,1721.86,CardExpired,CallCenter,3,35,,,,,,,,,,,,,,,,,,,,,,,,,157,25/07/2025,,,,,,,186,23/07/2025
300678,15/11/2003,22,Female,23775,4,High,2,1,Blocked,13/06/2022,2554.85,InsufficientFunds,App,3,123,28/07/2022,6995.52,CardExpired,CallCenter,1,136,11/09/2022,8778.74,TechnicalError,Branch,1,114,,,,,,,,,,,,,,,165,11/09/2024,,,,,,
300679,15/04/1993,32,Other,76060,9,Medium,3,1,Active,20/03/2015,5584.18,CardExpired,CallCenter,2,141,04/05/2015,5740.57,InsufficientFunds,App,3,93,18/06/2015,7978.23,InsufficientFunds,Branch,2,3,02/08/2015,4900.72,CardExpired,App,1,131,,,,,,,,,111,10/07/2024,120,22/12/2024,,,,
300680,26/05/1963,62,Other,35446,6,Low,4,1,Active,12/08/2016,7397.79,CardExpired,App,1,139,26/09/2016,4590.21,CardExpired,Branch,1,66,,,,,,,,,,,,,,,,,,,,,,,,,,,139,08/08/2024
300681,17/08/1997,28,Male,97365,9,Medium,3,1,Expired,26/12/2020,9593.91,InsufficientFunds,CallCenter,2,17,09/02/2021,5553.54,InsufficientFunds,App,2,121,26/03/2021,7312.27,InsufficientFunds,Branch,1,95,10/05/2021,1957.08,InsufficientFunds,CallCenter,3,179,,,,,,,127,04/01/2025,169,08/01/2025,,,,,137,23/02/2025
300682,12/05/1975,51,Female,97556,2,Low,3,0,Expired,28/01/2018,609.48,InsufficientFunds,App,1,76,14/03/2018,8092.79,CardExpired,CallCenter,2,82,,,,,,,,,,,,,,,,,,,191,08/10/2025,101,16/05/2025,,,145,27/02/2025,,
300683,06/03/1984,41,Male,77268,7,High,4,1,Expired,28/03/2021,3324.99,TechnicalError,App,2,80,12/05/2021,1556.76,CardExpired,CallCenter,3,83,26/06/2021,3455.25,CardExpired,CallCenter,1,128,10/08/2021,8914.83,InsufficientFunds,Branch,1,170,24/09/2021,5836.07,InsufficientFunds,Branch,2,174,,,149,05/07/2025,126,16/10/2025,,,,
300684,15/03/1975,50,Male,80444,5,Medium,3,0,Active,11/06/2016,4185.14,CardExpired,Branch,3,50,,,,,,,,,,,,,,,,,,,,,,,,,,,188,10/11/2024,109,24/10/2024,,,,
300685,14/12/1977,48,Male,55950,6,Low,1,1,Blocked,31/03/2025,8815.88,TechnicalError,App,1,104,15/05/2025,5658.75,CardExpired,Branch,2,8,29/06/2025,8445.14,InsufficientFunds,App,2,40,13/08/2025,1517.22,TechnicalError,App,3,7,,,,,,,,,,,,,163,23/03/2025,,
300686,10/09/2000,25,Other,36702,9,Medium,3,0,Expired,19/04/2017,8092.97,TechnicalError,CallCenter,1,5,03/06/2017,6946.88,InsufficientFunds,Branch,1,92,,,,,,,,,,,,,,,,,,,169,18/11/2025,,,,,153,28/05/2025,,
300687,23/12/1992,33,Female,70145,3,High,4,0,Active,08/07/2021,6438.34,InsufficientFunds,CallCenter,2,108,22/08/2021,4089,InsufficientFunds,App,2,22,06/10/2021,3928.05,InsufficientFunds,App,2,84,,,,,,,,,,,,,104,24/01/2025,,,,,159,26/01/2025,,
300688,12/03/2005,20,Other,62491,8,High,4,0,Expired,29/05/2016,5696.94,TechnicalError,CallCenter,3,90,,,,,,,,,,,,,,,,,,,,,,,,,,,,,,,,,,
300689,07/10/1973,52,Male,19738,8,High,3,1,Active,05/08/2022,9179.41,TechnicalError,CallCenter,1,13,19/09/2022,4649.53,CardExpired,App,3,164,03/11/2022,524.24,InsufficientFunds,Branch,3,19,18/12/2022,3507.93,TechnicalError,App,1,75,01/02/2023,7669.64,CardExpired,Branch,2,62,,,106,02/09/2024,185,06/04/2024,174,18/02/2024,193,30/05/2024
300690,25/03/1989,37,Female,84328,7,High,2,0,Active,06/05/2016,1724.24,CardExpired,App,3,45,20/06/2016,4442.87,CardExpired,Branch,3,61,04/08/2016,8114.4,CardExpired,Branch,1,57,,,,,,,,,,,,,,,,,,,169,25/05/2025,166,02/03/2025
300691,26/07/1971,54,Female,52390,6,Low,3,1,Active,17/06/2021,9436.92,TechnicalError,Branch,2,149,01/08/2021,5694.68,TechnicalError,CallCenter,3,33,15/09/2021,522.03,TechnicalError,Branch,1,4,,,,,,,,,,,,,,,,,167,23/04/2025,,,173,03/12/2024
300692,04/06/1994,31,Male,21819,1,Medium,1,1,Blocked,25/11/2019,2647.9,CardExpired,App,3,55,09/01/2020,6519.27,TechnicalError,Branch,2,66,,,,,,,,,,,,,,,,,,,,,,,190,23/10/2024,173,01/05/2025,190,23/03/2025
300693,16/09/1968,57,Male,55510,7,Low,1,0,Active,20/05/2020,4164.35,CardExpired,CallCenter,3,80,04/07/2020,6664.24,InsufficientFunds,Branch,3,175,18/08/2020,6290.22,CardExpired,CallCenter,3,22,,,,,,,,,,,,,130,07/04/2024,,,109,05/05/2024,,,163,26/10/2024
300694,04/02/1958,68,Male,99769,2,Medium,3,0,Blocked,16/02/2018,3683.17,InsufficientFunds,CallCenter,2,118,02/04/2018,3212.75,CardExpired,App,1,27,,,,,,,,,,,,,,,,,,,,,,,,,,,,
300695,23/10/1955,70,Male,44317,8,Medium,2,1,Active,18/02/2023,145.88,InsufficientFunds,CallCenter,3,179,04/04/2023,576.93,InsufficientFunds,CallCenter,1,144,19/05/2023,3539.47,TechnicalError,App,2,16,,,,,,,,,,,,,,,,,195,01/02/2025,108,25/02/2025,180,19/05/2025
300696,05/08/2007,19,Female,36425,9,Medium,4,0,Blocked,30/01/2021,5290.27,TechnicalError,Branch,2,142,16/03/2021,9711.13,CardExpired,Branch,2,138,30/04/2021,5466.63,InsufficientFunds,App,1,144,,,,,,,,,,,,,186,05/11/2025,,,,,,,,
300697,12/09/2001,24,Female,45522,1,Medium,1,0,Expired,27/07/2017,5592.19,TechnicalError,App,1,104,10/09/2017,6412.8,CardExpired,App,1,108,25/10/2017,6647.86,CardExpired,CallCenter,1,27,09/12/2017,1050.23,TechnicalError,CallCenter,3,105,,,,,,,,,,,,,180,06/08/2025,142,27/04/2025
300698,15/06/1993,32,Male,90148,5,Medium,2,1,Active,24/03/2016,6115.78,InsufficientFunds,CallCenter,1,74,08/05/2016,8442.63,CardExpired,App,2,42,,,,,,,,,,,,,,,,,,,163,13/01/2025,,,176,19/09/2024,,,138,13/11/2024
300699,05/05/1952,73,Female,49200,1,Medium,2,0,Blocked,28/09/2023,6591.08,TechnicalError,App,2,85,12/11/2023,9432.57,InsufficientFunds,CallCenter,3,176,,,,,,,,,,,,,,,,,,,145,08/07/2024,,,,,132,17/12/2024,,
300700,01/09/1950,76,Male,75324,6,Medium,4,0,Active,21/02/2023,5163.36,TechnicalError,App,3,46,,,,,,,,,,,,,,,,,,,,,,,,,,,117,16/11/2025,,,133,26/12/2025,,
300701,02/05/1986,39,Male,23497,9,High,1,1,Blocked,19/02/2024,8716.52,InsufficientFunds,Branch,1,171,04/04/2024,8159.07,TechnicalError,Branch,2,33,19/05/2024,7368.39,InsufficientFunds,App,3,158,03/07/2024,4089.19,InsufficientFunds,CallCenter,1,26,,,,,,,166,12/02/2025,112,17/10/2025,107,05/05/2025,,,,
300702,27/10/1998,27,Male,96787,1,High,1,1,Blocked,24/11/2015,9439.82,TechnicalError,Branch,2,172,08/01/2016,6594.41,CardExpired,App,3,106,,,,,,,,,,,,,,,,,,,,,,,,,177,03/01/2025,178,06/05/2025
300703,04/10/1988,37,Female,39572,9,High,3,1,Expired,27/09/2019,627.71,TechnicalError,App,3,142,11/11/2019,6627.78,TechnicalError,App,3,163,26/12/2019,3092.6,TechnicalError,App,2,172,09/02/2020,8713.87,TechnicalError,CallCenter,2,103,25/03/2020,2469.62,CardExpired,App,1,22,,,,,,,145,06/04/2025,,
300704,23/07/1981,44,Female,37295,2,Medium,3,0,Expired,07/03/2023,7814.64,TechnicalError,CallCenter,2,99,21/04/2023,738.22,InsufficientFunds,App,2,101,05/06/2023,3679.37,InsufficientFunds,Branch,2,81,20/07/2023,2914.51,InsufficientFunds,Branch,2,93,,,,,,,102,13/07/2024,,,,,,,,
300705,03/02/1992,33,Male,14233,8,High,1,0,Expired,29/09/2021,271.03,CardExpired,Branch,1,103,13/11/2021,3878.23,TechnicalError,App,3,102,28/12/2021,3916.12,InsufficientFunds,Branch,1,166,11/02/2022,1555.9,TechnicalError,CallCenter,1,111,28/03/2022,4578.35,InsufficientFunds,CallCenter,1,108,123,05/02/2025,154,14/05/2025,,,122,01/05/2025,110,24/07/2025
300706,03/03/2002,24,Female,73423,8,Low,2,1,Blocked,17/06/2018,7133.99,TechnicalError,Branch,3,125,01/08/2018,7567.82,InsufficientFunds,App,3,119,15/09/2018,9757.45,TechnicalError,App,3,56,30/10/2018,3709.27,CardExpired,App,3,118,14/12/2018,9363.98,CardExpired,App,1,92,104,28/12/2025,156,11/08/2025,109,24/06/2025,142,16/04/2025,136,28/11/2025
300707,12/07/2005,21,Male,13487,7,Low,3,0,Active,07/10/2021,1748.43,InsufficientFunds,App,3,174,21/11/2021,7681.34,InsufficientFunds,CallCenter,2,76,05/01/2022,9994.42,InsufficientFunds,Branch,3,70,19/02/2022,1905.41,CardExpired,Branch,3,102,05/04/2022,7800.65,CardExpired,Branch,3,6,,,,,,,150,22/11/2025,121,15/02/2025
300708,20/12/1952,73,Male,71363,1,High,1,1,Expired,28/04/2022,2323.46,InsufficientFunds,CallCenter,3,66,12/06/2022,7595.48,TechnicalError,App,2,19,,,,,,,,,,,,,,,,,,,,,120,20/08/2024,,,,,145,20/03/2025
300709,07/04/2004,22,Other,47400,7,Medium,1,0,Active,05/06/2025,8118.36,TechnicalError,App,1,13,20/07/2025,4652.94,InsufficientFunds,CallCenter,1,106,03/09/2025,7413.75,InsufficientFunds,Branch,2,134,,,,,,,,,,,,,108,02/09/2025,190,30/03/2025,,,182,02/12/2025,174,16/04/2025
300710,10/05/1962,63,Other,69227,4,Low,3,0,Active,23/11/2016,2650.69,TechnicalError,App,1,143,07/01/2017,9003,InsufficientFunds,App,2,136,21/02/2017,8187.32,InsufficientFunds,App,3,122,,,,,,,,,,,,,150,17/03/2025,,,,,,,194,01/02/2025
300711,25/01/1991,34,Female,23773,2,Low,1,0,Active,05/04/2019,8964.58,TechnicalError,CallCenter,1,132,20/05/2019,2382.48,TechnicalError,CallCenter,3,74,04/07/2019,742.3,TechnicalError,Branch,3,69,,,,,,,,,,,,,,,,,,,,,,
300712,22/02/1952,73,Other,15239,8,High,3,0,Expired,22/10/2018,8056.88,InsufficientFunds,CallCenter,1,148,,,,,,,,,,,,,,,,,,,,,,,,,187,18/06/2025,153,25/04/2025,190,16/11/2024,,,,
300713,27/04/1973,52,Other,49916,8,High,2,1,Expired,01/06/2023,2411.59,TechnicalError,App,1,94,16/07/2023,5247.45,InsufficientFunds,CallCenter,2,131,,,,,,,,,,,,,,,,,,,,,,,,,154,19/08/2024,,
300714,04/11/1954,71,Other,82065,5,Medium,3,1,Active,12/01/2023,4688.58,TechnicalError,CallCenter,3,146,26/02/2023,6454.11,InsufficientFunds,App,2,169,12/04/2023,9574.95,TechnicalError,App,2,104,,,,,,,,,,,,,,,,,,,152,08/05/2025,,
300715,11/09/1974,51,Other,43041,9,Low,4,1,Blocked,08/06/2025,8484.68,TechnicalError,Branch,1,128,23/07/2025,666.02,InsufficientFunds,Branch,1,169,06/09/2025,3382.32,CardExpired,CallCenter,2,161,,,,,,,,,,,,,,,,,,,,,,
300716,10/05/1952,73,Female,11438,9,Medium,4,1,Active,29/07/2021,1091.2,TechnicalError,Branch,1,130,,,,,,,,,,,,,,,,,,,,,,,,,168,18/06/2024,120,29/10/2024,,,,,,
300717,18/07/1947,78,Male,59285,8,Medium,1,1,Blocked,03/05/2021,1140.43,TechnicalError,Branch,3,80,17/06/2021,4748.74,InsufficientFunds,Branch,3,17,01/08/2021,6681.62,InsufficientFunds,Branch,3,84,15/09/2021,2685.55,TechnicalError,App,3,9,,,,,,,,,,,,,135,22/08/2025,126,13/02/2025
300718,18/06/1998,27,Female,10352,9,Medium,2,0,Expired,10/05/2021,1094.56,InsufficientFunds,Branch,2,79,24/06/2021,3523.68,TechnicalError,App,2,36,08/08/2021,4870.41,CardExpired,Branch,1,113,,,,,,,,,,,,,140,26/09/2024,190,26/04/2025,147,14/12/2024,,,174,13/03/2025
300719,05/05/1976,50,Female,39209,9,High,2,1,Active,26/04/2020,685.33,InsufficientFunds,CallCenter,3,34,,,,,,,,,,,,,,,,,,,,,,,,,,,,,,,,,137,02/06/2025
300720,24/07/1971,54,Female,91393,5,Medium,4,0,Blocked,02/12/2021,7863.53,InsufficientFunds,CallCenter,2,14,16/01/2022,4424.49,CardExpired,Branch,3,27,02/03/2022,5381.9,TechnicalError,App,2,134,,,,,,,,,,,,,,,,,,,,,,
300721,25/03/1999,27,Female,47731,6,High,1,1,Active,28/11/2025,7439.28,CardExpired,App,1,111,12/01/2026,2378.57,InsufficientFunds,Branch,1,106,26/02/2026,9969.52,InsufficientFunds,App,2,16,,,,,,,,,,,,,129,17/12/2025,191,14/01/2026,,,,,,
300722,07/10/1978,47,Female,83128,7,Low,2,1,Active,30/08/2024,7333.2,TechnicalError,Branch,1,172,14/10/2024,8222.18,CardExpired,App,3,2,,,,,,,,,,,,,,,,,,,143,24/12/2024,161,18/11/2024,164,17/09/2024,104,13/01/2025,183,11/06/2025
300723,15/11/1997,28,Other,24176,2,High,1,0,Blocked,15/03/2018,5285.41,CardExpired,CallCenter,2,110,29/04/2018,8136.05,InsufficientFunds,Branch,1,125,13/06/2018,3393.55,InsufficientFunds,CallCenter,3,42,28/07/2018,9831.12,TechnicalError,Branch,1,128,,,,,,,139,13/07/2024,185,05/07/2024,115,28/01/2025,,,,
300724,21/01/1957,68,Male,16586,7,Medium,2,1,Blocked,27/01/2016,105.74,InsufficientFunds,Branch,1,120,12/03/2016,431.74,TechnicalError,Branch,2,140,26/04/2016,6106.71,TechnicalError,Branch,1,125,,,,,,,,,,,,,,,188,15/05/2025,168,20/06/2025,,,,
300725,26/01/1956,70,Male,60902,4,Medium,4,1,Expired,11/07/2021,200.28,InsufficientFunds,Branch,3,171,25/08/2021,9256.1,InsufficientFunds,Branch,3,110,,,,,,,,,,,,,,,,,,,101,09/06/2025,107,04/02/2026,178,12/05/2025,,,,
300726,22/09/1955,70,Female,56890,8,Medium,1,0,Expired,25/08/2017,9555.02,TechnicalError,CallCenter,2,11,09/10/2017,3314.47,InsufficientFunds,CallCenter,1,53,23/11/2017,7755.11,CardExpired,App,2,25,07/01/2018,9587.1,TechnicalError,App,2,63,,,,,,,,,,,141,13/01/2025,138,03/02/2025,193,15/06/2025
300727,03/04/1998,27,Other,89274,5,Low,4,0,Active,16/10/2016,6310.92,TechnicalError,CallCenter,1,162,30/11/2016,607.43,TechnicalError,CallCenter,3,89,14/01/2017,6483.04,InsufficientFunds,App,2,24,28/02/2017,9923.46,TechnicalError,App,3,121,14/04/2017,7488.75,InsufficientFunds,CallCenter,1,154,,,,,108,08/09/2025,,,,
300728,25/03/1999,26,Other,90469,2,Medium,3,1,Expired,12/12/2024,2202.97,TechnicalError,Branch,3,156,26/01/2025,2535.98,InsufficientFunds,CallCenter,2,170,,,,,,,,,,,,,,,,,,,,,,,119,05/05/2025,,,,
300729,05/07/1948,78,Male,97770,6,High,1,1,Active,13/06/2024,954.13,TechnicalError,CallCenter,3,145,,,,,,,,,,,,,,,,,,,,,,,,,175,11/11/2025,144,18/03/2025,,,,,,
300730,10/04/1954,71,Other,85932,7,Low,2,1,Expired,16/01/2018,346.52,CardExpired,CallCenter,3,167,02/03/2018,8274.77,TechnicalError,CallCenter,3,79,,,,,,,,,,,,,,,,,,,196,17/04/2025,,,,,,,145,31/10/2024
300731,11/07/1971,54,Other,45428,4,Medium,4,0,Expired,04/06/2020,3070.78,CardExpired,CallCenter,2,154,,,,,,,,,,,,,,,,,,,,,,,,,,,198,30/05/2024,,,156,19/12/2024,164,08/01/2025
300732,17/10/1976,50,Male,77707,4,High,1,0,Blocked,17/05/2021,1772.89,InsufficientFunds,CallCenter,3,34,01/07/2021,4443.26,TechnicalError,Branch,3,78,15/08/2021,4997.79,InsufficientFunds,CallCenter,1,93,,,,,,,,,,,,,,,,,,,113,26/07/2025,,
300733,24/11/1974,51,Female,77169,3,Medium,1,1,Active,24/11/2024,8506.08,CardExpired,App,1,38,08/01/2025,5795.56,InsufficientFunds,CallCenter,1,105,22/02/2025,7382.8,InsufficientFunds,CallCenter,2,29,08/04/2025,5311.9,CardExpired,Branch,1,68,,,,,,,141,11/01/2025,,,152,18/07/2025,,,168,17/12/2024
300734,24/05/1959,66,Male,92563,7,High,1,0,Active,08/05/2015,3735.33,TechnicalError,Branch,1,161,22/06/2015,961.81,TechnicalError,App,2,83,06/08/2015,8274.54,CardExpired,Branch,1,135,20/09/2015,9512.17,CardExpired,CallCenter,2,12,04/11/2015,5092.71,TechnicalError,App,3,159,,,106,12/01/2025,138,03/06/2025,180,27/09/2024,173,04/03/2025
300735,18/10/2002,23,Other,72389,6,Low,4,0,Active,30/10/2023,7269.12,CardExpired,Branch,2,122,14/12/2023,8866.88,CardExpired,Branch,3,165,,,,,,,,,,,,,,,,,,,148,12/08/2024,164,14/06/2024,,,172,11/04/2025,,
300736,06/01/1941,84,Other,30620,2,High,2,1,Active,03/07/2019,9675.25,InsufficientFunds,App,2,135,,,,,,,,,,,,,,,,,,,,,,,,,,,,,198,24/01/2025,,,,
300737,19/03/1941,84,Other,32971,4,Low,3,0,Expired,26/07/2017,7394.77,TechnicalError,CallCenter,1,140,09/09/2017,2314.43,InsufficientFunds,CallCenter,2,174,24/10/2017,374.77,CardExpired,CallCenter,2,139,08/12/2017,8292.78,TechnicalError,Branch,2,95,,,,,,,156,13/10/2024,,,,,,,185,31/05/2024
300738,25/10/1950,75,Male,97188,5,Medium,1,0,Active,17/09/2016,9136.5,InsufficientFunds,App,3,132,01/11/2016,4115.9,TechnicalError,App,2,117,,,,,,,,,,,,,,,,,,,117,20/07/2025,,,129,17/03/2025,195,18/11/2024,,
300739,04/03/1960,66,Other,43402,5,Low,2,1,Active,22/12/2019,9475.6,InsufficientFunds,Branch,2,87,05/02/2020,6487.66,InsufficientFunds,App,3,83,21/03/2020,4898.72,InsufficientFunds,App,1,11,05/05/2020,4029.5,TechnicalError,App,2,83,,,,,,,,,,,,,,,,
300740,23/07/2004,21,Male,43926,6,High,4,0,Expired,28/02/2020,1676.23,InsufficientFunds,Branch,1,31,13/04/2020,4181.16,InsufficientFunds,CallCenter,1,156,28/05/2020,7188.94,CardExpired,Branch,2,176,12/07/2020,7716.51,InsufficientFunds,CallCenter,2,149,26/08/2020,3679.96,InsufficientFunds,Branch,3,68,,,,,,,,,104,28/06/2025
300741,03/10/1957,68,Male,87520,3,High,1,1,Active,08/11/2018,1645.49,InsufficientFunds,CallCenter,1,22,23/12/2018,4370.23,TechnicalError,Branch,1,44,,,,,,,,,,,,,,,,,,,126,27/01/2025,,,,,,,139,03/04/2025
300742,03/09/1946,79,Female,83121,8,Medium,1,1,Active,10/07/2021,5477.23,TechnicalError,Branch,2,62,24/08/2021,2550.2,TechnicalError,App,2,123,,,,,,,,,,,,,,,,,,,141,14/08/2024,,,,,,,,
300743,22/04/1968,57,Other,83330,6,Medium,1,0,Active,31/12/2019,2414.17,InsufficientFunds,CallCenter,2,24,14/02/2020,2144.6,TechnicalError,Branch,3,52,30/03/2020,5845.05,CardExpired,App,3,81,14/05/2020,2913.97,CardExpired,CallCenter,2,153,28/06/2020,8200.46,InsufficientFunds,Branch,3,29,,,158,08/06/2025,,,171,29/04/2025,,
300744,22/08/1973,52,Male,63142,5,Low,1,0,Expired,31/03/2021,4512.16,CardExpired,Branch,3,115,15/05/2021,5272.28,CardExpired,App,1,73,29/06/2021,1299.64,CardExpired,Branch,2,76,,,,,,,,,,,,,,,145,05/01/2025,150,01/04/2024,,,,
300745,09/04/1992,34,Other,89843,8,Low,4,1,Blocked,16/12/2016,6113.03,TechnicalError,App,3,15,30/01/2017,7218.32,TechnicalError,App,3,23,16/03/2017,3489.91,CardExpired,Branch,3,177,30/04/2017,8449.56,TechnicalError,App,2,72,,,,,,,,,160,03/03/2025,137,28/06/2025,,,185,11/07/2025
300746,21/07/1949,76,Other,95723,8,High,1,1,Blocked,10/09/2019,4133.73,TechnicalError,Branch,2,18,25/10/2019,6883.51,TechnicalError,App,3,170,09/12/2019,9891.78,InsufficientFunds,App,2,30,23/01/2020,7876.48,InsufficientFunds,Branch,2,95,,,,,,,,,174,29/04/2024,141,13/08/2024,147,22/06/2024,,
300747,26/09/1975,51,Other,54887,5,Medium,1,0,Active,04/08/2022,9771.29,TechnicalError,Branch,1,25,18/09/2022,766.16,TechnicalError,App,1,44,,,,,,,,,,,,,,,,,,,,,181,10/02/2026,141,02/12/2025,145,11/08/2025,,
300748,10/01/2008,18,Male,91008,5,Medium,1,1,Active,18/11/2023,6673.31,TechnicalError,CallCenter,2,12,02/01/2024,3913.47,InsufficientFunds,CallCenter,3,24,16/02/2024,6599.28,TechnicalError,App,3,88,01/04/2024,2300.68,TechnicalError,App,2,143,,,,,,,,,,,,,,,,
300749,18/04/1953,72,Other,45399,9,High,4,0,Expired,03/04/2020,3809.17,CardExpired,CallCenter,2,28,18/05/2020,476.36,CardExpired,Branch,2,118,,,,,,,,,,,,,,,,,,,181,17/08/2024,149,05/12/2024,168,03/02/2025,,,,
300750,24/07/1966,60,Female,61931,1,High,2,1,Active,02/02/2019,6012.31,InsufficientFunds,App,2,163,19/03/2019,933.8,TechnicalError,CallCenter,1,88,,,,,,,,,,,,,,,,,,,172,28/02/2026,,,100,22/06/2025,,,,
300751,15/12/1983,42,Female,32783,3,Medium,2,0,Active,11/11/2021,7271.53,TechnicalError,Branch,1,121,26/12/2021,1980.63,TechnicalError,App,3,179,,,,,,,,,,,,,,,,,,,108,21/06/2024,163,04/03/2024,141,27/10/2024,111,20/03/2024,199,22/05/2024
300752,16/08/1966,60,Male,73300,8,Low,2,0,Blocked,13/05/2020,1225.15,InsufficientFunds,Branch,3,87,,,,,,,,,,,,,,,,,,,,,,,,,,,162,02/08/2025,,,116,12/11/2025,117,08/10/2025
300753,03/02/2007,19,Male,22397,1,High,2,0,Active,27/03/2022,4824.71,CardExpired,App,3,179,,,,,,,,,,,,,,,,,,,,,,,,,,,,,168,17/01/2026,,,,
300754,06/06/1952,73,Other,76608,5,Low,4,0,Active,10/12/2019,6361.41,TechnicalError,App,1,160,24/01/2020,6661.11,InsufficientFunds,App,1,56,09/03/2020,416.77,InsufficientFunds,App,2,10,,,,,,,,,,,,,,,,,,,,,,
300755,16/04/1945,80,Female,12077,5,Medium,2,1,Active,28/11/2018,4678.37,InsufficientFunds,CallCenter,2,106,,,,,,,,,,,,,,,,,,,,,,,,,,,,,151,09/08/2024,121,15/12/2024,,
300756,14/01/1987,38,Female,17815,7,Medium,1,0,Blocked,16/03/2022,4165.65,TechnicalError,App,2,2,30/04/2022,2184.09,CardExpired,App,2,56,14/06/2022,8307.55,TechnicalError,Branch,1,145,29/07/2022,5225.4,TechnicalError,CallCenter,2,163,12/09/2022,6992.44,TechnicalError,CallCenter,2,12,,,167,27/07/2025,120,28/09/2025,160,08/07/2025,,
300757,03/09/1959,66,Other,72921,9,Medium,2,0,Active,03/11/2023,6521.34,TechnicalError,CallCenter,2,37,18/12/2023,9134.69,TechnicalError,Branch,3,177,01/02/2024,2115.48,CardExpired,Branch,2,103,,,,,,,,,,,,,,,160,18/12/2024,,,,,143,18/04/2024
300758,22/08/1969,57,Other,74409,7,High,2,1,Active,03/06/2024,7924.09,InsufficientFunds,Branch,1,36,18/07/2024,9686.7,TechnicalError,App,2,108,,,,,,,,,,,,,,,,,,,,,,,180,15/02/2025,,,170,14/09/2025
300759,16/09/1999,26,Other,43859,9,Low,1,0,Blocked,22/08/2023,8365.98,CardExpired,App,2,126,06/10/2023,5234.67,TechnicalError,App,3,5,20/11/2023,5752.96,TechnicalError,Branch,1,143,04/01/2024,4154.36,InsufficientFunds,Branch,2,165,,,,,,,,,,,124,02/09/2025,,,157,12/07/2025
300760,07/09/1986,39,Male,78168,1,Low,2,0,Active,18/02/2022,9875.36,CardExpired,CallCenter,1,169,04/04/2022,2587.46,InsufficientFunds,CallCenter,2,127,,,,,,,,,,,,,,,,,,,,,,,139,04/11/2024,,,,
300761,19/06/1982,43,Other,36770,9,High,4,0,Blocked,21/07/2015,3034.22,CardExpired,Branch,1,1,04/09/2015,129.72,CardExpired,App,2,118,19/10/2015,4174.48,TechnicalError,Branch,1,89,03/12/2015,5451.51,CardExpired,App,3,8,17/01/2016,5400.95,CardExpired,CallCenter,3,47,,,171,29/04/2025,182,17/07/2024,,,157,29/09/2024
300762,27/02/1963,62,Male,75671,5,Low,3,1,Expired,14/02/2023,3472.2,CardExpired,CallCenter,1,128,,,,,,,,,,,,,,,,,,,,,,,,,,,187,18/03/2025,197,03/01/2025,,,,
300763,01/06/1984,41,Other,20514,6,Low,4,1,Active,10/05/2016,1893.07,CardExpired,Branch,1,163,24/06/2016,5146.57,CardExpired,CallCenter,3,6,,,,,,,,,,,,,,,,,,,,,,,101,22/06/2025,173,30/12/2024,,
300764,09/06/1942,83,Male,28189,3,Medium,1,1,Blocked,24/10/2023,946.94,InsufficientFunds,Branch,2,175,,,,,,,,,,,,,,,,,,,,,,,,,,,148,21/09/2024,,,156,29/09/2024,130,17/06/2025
300765,01/03/1973,52,Other,47123,5,Low,4,0,Active,12/02/2022,1298.31,InsufficientFunds,CallCenter,3,172,29/03/2022,7796.92,CardExpired,CallCenter,2,125,13/05/2022,1719.3,InsufficientFunds,App,3,107,27/06/2022,4018.29,TechnicalError,CallCenter,1,119,,,,,,,,,,,,,,,,
300766,06/06/1953,72,Female,16808,5,High,2,0,Blocked,01/08/2018,2878.45,TechnicalError,Branch,1,156,15/09/2018,5803.19,TechnicalError,Branch,3,175,30/10/2018,637.75,CardExpired,Branch,1,48,,,,,,,,,,,,,113,08/12/2024,,,153,04/04/2025,184,24/04/2025,,
300767,17/09/1976,49,Other,67862,5,Medium,4,0,Active,01/05/2020,9651.19,InsufficientFunds,App,1,96,,,,,,,,,,,,,,,,,,,,,,,,,156,15/07/2024,,,192,18/02/2025,,,160,08/01/2025
300768,01/07/1988,37,Other,65978,3,Low,4,1,Active,03/05/2016,9612.12,InsufficientFunds,CallCenter,3,150,17/06/2016,425.53,TechnicalError,CallCenter,2,59,01/08/2016,6787.27,InsufficientFunds,Branch,3,172,15/09/2016,6576.64,CardExpired,App,3,45,30/10/2016,5338.29,TechnicalError,Branch,3,165,153,18/12/2024,191,15/06/2025,198,24/11/2024,,,,
300769,15/09/1955,70,Other,10990,1,Low,1,0,Active,21/07/2021,4910.07,CardExpired,Branch,1,159,04/09/2021,2079.72,TechnicalError,Branch,3,3,,,,,,,,,,,,,,,,,,,133,20/07/2025,,,,,105,09/04/2025,,
300770,07/12/2005,21,Other,87935,3,High,1,1,Expired,09/10/2018,7786.42,InsufficientFunds,Branch,3,54,23/11/2018,1292.27,InsufficientFunds,Branch,2,118,07/01/2019,2957.62,TechnicalError,App,3,10,,,,,,,,,,,,,,,190,29/09/2025,110,28/07/2025,,,,
300771,20/02/2003,22,Other,44617,5,Low,3,1,Expired,29/03/2021,3854.04,TechnicalError,Branch,3,31,13/05/2021,5416.95,TechnicalError,CallCenter,2,49,,,,,,,,,,,,,,,,,,,182,29/10/2024,173,22/06/2025,,,158,04/10/2025,116,15/06/2025
300772,05/08/2005,20,Female,65643,5,Medium,2,0,Expired,23/09/2017,2777.63,TechnicalError,CallCenter,2,84,07/11/2017,4068.65,TechnicalError,App,3,47,22/12/2017,9069.79,CardExpired,App,1,51,05/02/2018,9912.45,TechnicalError,Branch,3,17,,,,,,,134,17/03/2025,158,11/09/2024,,,161,27/12/2024,,
300773,15/01/2000,26,Other,94673,1,Medium,3,1,Expired,27/06/2019,6281.17,CardExpired,CallCenter,1,136,11/08/2019,1562.68,InsufficientFunds,App,2,89,25/09/2019,7150.81,InsufficientFunds,Branch,1,21,09/11/2019,2554.28,CardExpired,CallCenter,2,155,24/12/2019,6038.66,TechnicalError,Branch,2,105,195,01/11/2025,,,,,,,155,18/04/2025
300774,04/05/1965,60,Female,73214,4,High,2,1,Blocked,30/12/2024,6697.01,InsufficientFunds,CallCenter,1,20,13/02/2025,5708.11,CardExpired,CallCenter,3,30,30/03/2025,5287.91,CardExpired,Branch,3,50,14/05/2025,1999.95,TechnicalError,Branch,3,146,28/06/2025,5924.55,CardExpired,App,2,28,,,,,139,10/12/2024,,,,
300775,09/08/1976,49,Male,34402,9,Medium,4,1,Active,04/12/2023,6721.83,InsufficientFunds,Branch,3,54,18/01/2024,8130.77,InsufficientFunds,App,2,133,03/03/2024,2096.79,InsufficientFunds,App,2,78,17/04/2024,5584.42,InsufficientFunds,App,1,66,,,,,,,102,24/07/2024,180,15/11/2024,187,06/08/2024,,,,
300776,01/08/1997,28,Male,21179,9,Medium,4,0,Expired,28/03/2018,877.36,TechnicalError,Branch,1,86,,,,,,,,,,,,,,,,,,,,,,,,,,,,,,,168,25/10/2024,,
300777,10/04/1974,51,Other,23861,6,Medium,2,0,Expired,24/03/2020,5492.72,InsufficientFunds,Branch,2,31,,,,,,,,,,,,,,,,,,,,,,,,,117,25/03/2025,,,119,20/03/2025,116,19/04/2025,183,25/01/2025
300778,15/08/1956,70,Female,80092,4,Medium,1,0,Active,02/07/2023,3085.2,CardExpired,CallCenter,3,12,,,,,,,,,,,,,,,,,,,,,,,,,,,,,,,143,04/10/2025,,
300779,02/08/1995,30,Other,12101,7,High,1,0,Active,29/10/2017,4676.87,InsufficientFunds,Branch,2,154,13/12/2017,7502.81,TechnicalError,App,2,122,,,,,,,,,,,,,,,,,,,168,21/10/2024,,,,,188,12/11/2024,,
300780,22/05/1992,33,Male,82654,3,Medium,4,0,Blocked,24/09/2017,6881.54,InsufficientFunds,CallCenter,1,143,08/11/2017,6649.87,InsufficientFunds,CallCenter,3,87,23/12/2017,5681.16,CardExpired,CallCenter,3,33,,,,,,,,,,,,,168,09/08/2024,,,178,21/03/2025,188,03/04/2025,114,24/11/2024
300781,19/11/1949,76,Other,17906,4,High,4,0,Blocked,26/11/2019,2129.64,InsufficientFunds,Branch,2,154,10/01/2020,3240.93,InsufficientFunds,CallCenter,3,162,24/02/2020,4532.19,TechnicalError,App,3,15,,,,,,,,,,,,,,,,,116,10/11/2024,,,,
300782,23/02/1980,45,Male,50090,1,High,1,1,Blocked,27/03/2022,2729.32,InsufficientFunds,CallCenter,1,34,11/05/2022,2662.42,CardExpired,App,1,93,25/06/2022,1485.38,CardExpired,App,3,151,,,,,,,,,,,,,199,15/10/2024,118,06/09/2025,,,,,,
300783,06/04/2000,25,Male,98930,8,Low,4,1,Active,06/01/2015,2701.48,CardExpired,Branch,3,167,20/02/2015,511.47,CardExpired,App,3,13,06/04/2015,3644.6,TechnicalError,CallCenter,1,37,,,,,,,,,,,,,121,24/12/2024,,,176,08/01/2025,137,25/12/2024,,
300784,04/04/2002,23,Male,86698,1,Medium,3,0,Active,14/09/2018,5348.23,TechnicalError,App,1,51,29/10/2018,6036.51,TechnicalError,App,1,25,13/12/2018,3474.78,CardExpired,CallCenter,1,124,,,,,,,,,,,,,,,107,06/09/2025,,,164,03/06/2025,,
300785,03/11/1974,51,Male,49402,8,Medium,4,0,Blocked,08/02/2025,7319.7,CardExpired,Branch,1,139,25/03/2025,8453.42,CardExpired,CallCenter,3,20,,,,,,,,,,,,,,,,,,,170,27/01/2025,131,31/01/2025,,,,,181,23/12/2024
300786,06/04/2002,24,Other,20400,5,High,3,0,Expired,29/10/2020,1370.83,CardExpired,Branch,1,68,13/12/2020,2681.06,InsufficientFunds,Branch,1,59,27/01/2021,864.81,CardExpired,App,1,33,13/03/2021,7649.05,CardExpired,App,2,121,,,,,,,134,18/11/2025,102,20/08/2025,197,21/04/2025,,,,
300787,25/11/1955,71,Other,63442,3,High,2,0,Blocked,25/03/2025,930.53,TechnicalError,Branch,1,31,,,,,,,,,,,,,,,,,,,,,,,,,,,111,08/05/2025,,,111,07/07/2025,,
300788,10/02/1959,66,Other,95571,8,High,4,0,Blocked,06/03/2022,1322.04,TechnicalError,App,2,179,20/04/2022,4790.14,TechnicalError,CallCenter,1,119,04/06/2022,3938.42,CardExpired,Branch,2,71,,,,,,,,,,,,,,,164,28/10/2024,,,161,18/12/2024,,
300789,24/07/1995,30,Female,23023,9,Medium,3,1,Expired,22/02/2024,3336.84,CardExpired,App,3,144,07/04/2024,9285.76,CardExpired,CallCenter,3,18,22/05/2024,9058.59,InsufficientFunds,CallCenter,1,168,,,,,,,,,,,,,184,17/01/2025,,,,,145,13/01/2025,,
300790,21/05/1970,56,Other,51387,9,Medium,2,1,Expired,07/08/2017,1407.38,CardExpired,Branch,1,158,21/09/2017,7531.92,CardExpired,Branch,1,167,05/11/2017,2674.92,InsufficientFunds,App,1,20,,,,,,,,,,,,,,,,,195,01/05/2025,163,29/09/2025,,
300791,19/04/1955,70,Female,51901,3,High,3,0,Active,25/07/2016,565.95,InsufficientFunds,App,2,83,08/09/2016,8380.26,InsufficientFunds,App,2,100,23/10/2016,7865.07,InsufficientFunds,App,1,6,07/12/2016,3163.25,TechnicalError,CallCenter,2,59,21/01/2017,945.32,InsufficientFunds,CallCenter,2,76,125,07/09/2024,,,127,09/09/2024,159,03/12/2024,,
300792,23/02/1994,32,Other,83069,2,Medium,2,0,Expired,30/09/2017,6067.4,TechnicalError,App,1,151,14/11/2017,5260.95,InsufficientFunds,App,3,11,,,,,,,,,,,,,,,,,,,154,23/09/2025,152,10/10/2025,140,12/01/2026,153,20/12/2025,137,07/06/2025
300793,23/07/1975,50,Female,14065,8,Medium,4,0,Blocked,13/02/2017,5573.07,InsufficientFunds,Branch,2,160,30/03/2017,3057.6,TechnicalError,CallCenter,1,164,14/05/2017,2933.86,InsufficientFunds,Branch,3,80,,,,,,,,,,,,,,,,,,,,,,
300794,10/07/1992,33,Female,27095,2,High,1,0,Expired,10/01/2020,7014.91,CardExpired,Branch,2,23,24/02/2020,6953.87,CardExpired,Branch,1,34,09/04/2020,2158.89,InsufficientFunds,App,3,83,,,,,,,,,,,,,,,,,,,141,15/04/2025,,
300795,18/03/1998,27,Female,15297,9,Medium,4,1,Active,02/09/2020,5354.03,InsufficientFunds,App,2,148,,,,,,,,,,,,,,,,,,,,,,,,,,,,,159,17/10/2025,,,,
300796,19/06/1972,53,Male,70871,8,Low,2,1,Expired,03/10/2015,8673.65,TechnicalError,App,3,74,17/11/2015,9336.01,CardExpired,App,2,48,01/01/2016,6909.82,TechnicalError,CallCenter,2,17,15/02/2016,8922.58,InsufficientFunds,CallCenter,3,179,,,,,,,,,,,121,03/01/2025,,,,
300797,27/10/1951,74,Other,79757,1,Low,1,1,Active,28/06/2022,1079.77,InsufficientFunds,Branch,2,105,12/08/2022,580.82,InsufficientFunds,CallCenter,2,139,26/09/2022,9042.59,CardExpired,Branch,3,175,,,,,,,,,,,,,,,,,,,,,183,26/04/2024
300798,04/01/2000,26,Other,24437,3,High,4,0,Blocked,02/04/2022,1261.76,TechnicalError,App,3,103,17/05/2022,5976.52,CardExpired,Branch,1,35,,,,,,,,,,,,,,,,,,,,,,,,,,,,
300799,08/06/1962,64,Other,50050,4,High,4,1,Blocked,15/05/2025,5585.14,TechnicalError,Branch,3,34,29/06/2025,1841.23,InsufficientFunds,App,2,66,13/08/2025,5432.5,CardExpired,CallCenter,3,164,,,,,,,,,,,,,,,,,,,,,,
300800,20/01/1942,83,Female,47007,7,Low,2,1,Expired,14/12/2015,8216.39,TechnicalError,Branch,1,134,28/01/2016,8729.42,InsufficientFunds,CallCenter,1,150,13/03/2016,7017.02,TechnicalError,App,2,93,27/04/2016,9443.48,TechnicalError,Branch,3,32,,,,,,,,,,,162,01/04/2025,,,,
300801,11/07/1998,27,Male,89133,2,Medium,1,0,Active,09/12/2021,705.51,InsufficientFunds,Branch,1,4,23/01/2022,1116.9,TechnicalError,App,1,13,09/03/2022,9508.38,TechnicalError,CallCenter,1,34,23/04/2022,6263.72,TechnicalError,App,1,52,,,,,,,139,12/10/2024,165,01/12/2024,104,03/01/2025,,,114,15/11/2024
300802,09/07/1981,44,Other,66018,3,Low,2,1,Blocked,22/10/2015,7330.19,InsufficientFunds,Branch,1,63,06/12/2015,8979.97,CardExpired,Branch,3,7,20/01/2016,7652.6,CardExpired,CallCenter,1,120,,,,,,,,,,,,,182,09/07/2025,,,,,,,,
300803,10/01/1990,35,Other,43023,1,Low,2,0,Blocked,13/11/2019,1900.76,TechnicalError,App,3,41,,,,,,,,,,,,,,,,,,,,,,,,,,,,,,,123,17/04/2025,195,31/01/2025
300804,08/12/1976,50,Other,93429,7,Low,2,1,Blocked,06/07/2023,7300.4,InsufficientFunds,CallCenter,3,132,20/08/2023,5625.12,InsufficientFunds,Branch,1,112,04/10/2023,8551.78,InsufficientFunds,CallCenter,2,1,18/11/2023,660.34,CardExpired,CallCenter,1,126,,,,,,,,,,,,,193,25/04/2025,156,15/01/2026
300805,27/04/1992,33,Female,72482,6,Low,2,0,Active,29/04/2022,6759.35,InsufficientFunds,CallCenter,3,130,13/06/2022,5319.31,CardExpired,CallCenter,2,55,28/07/2022,6015.08,InsufficientFunds,App,1,170,11/09/2022,2653.38,TechnicalError,Branch,3,54,,,,,,,128,04/11/2024,181,24/05/2025,,,,,191,30/06/2024
300806,18/09/1952,73,Other,38586,3,High,2,1,Blocked,09/11/2023,6853.9,InsufficientFunds,CallCenter,2,82,24/12/2023,5230.31,InsufficientFunds,App,3,119,,,,,,,,,,,,,,,,,,,163,13/07/2025,,,,,,,,
300807,12/11/1963,63,Female,11802,3,Medium,2,1,Active,19/03/2017,7578.42,InsufficientFunds,Branch,3,65,03/05/2017,8037.38,InsufficientFunds,Branch,2,59,,,,,,,,,,,,,,,,,,,,,,,130,10/10/2025,,,,
300808,17/12/1964,61,Other,45768,1,Medium,2,1,Active,30/06/2017,7624.86,CardExpired,App,1,44,,,,,,,,,,,,,,,,,,,,,,,,,,,,,,,,,142,21/11/2024
300809,03/01/2000,25,Female,78511,8,High,3,1,Blocked,22/11/2017,9512.29,TechnicalError,App,3,165,06/01/2018,4678.7,InsufficientFunds,App,2,125,20/02/2018,9789.27,InsufficientFunds,Branch,3,121,,,,,,,,,,,,,171,30/10/2024,,,,,,,,
300810,18/05/1986,39,Female,13041,3,High,4,0,Active,23/10/2017,3404.28,TechnicalError,Branch,2,46,07/12/2017,4976.9,CardExpired,App,3,109,21/01/2018,1219.93,CardExpired,CallCenter,1,57,07/03/2018,8660.08,TechnicalError,App,3,37,21/04/2018,6102.5,TechnicalError,App,1,74,194,06/08/2024,162,19/01/2025,191,23/08/2024,,,,
300811,02/03/1963,63,Other,97592,5,Medium,1,1,Active,13/03/2023,7377.22,CardExpired,App,1,104,27/04/2023,6920.88,CardExpired,App,1,47,11/06/2023,4449.31,CardExpired,Branch,1,14,26/07/2023,7226.86,TechnicalError,App,2,73,,,,,,,168,25/06/2025,115,20/02/2026,,,,,,
300812,11/03/1964,62,Other,66806,1,High,2,1,Expired,12/06/2020,4015.94,TechnicalError,App,2,90,27/07/2020,8969.41,TechnicalError,App,1,85,10/09/2020,5881.8,CardExpired,App,1,85,,,,,,,,,,,,,149,28/07/2025,,,,,158,07/03/2026,,
300813,08/05/1964,62,Female,60349,1,Medium,4,0,Blocked,02/08/2017,1080.91,CardExpired,App,2,12,16/09/2017,7659.12,CardExpired,App,3,133,31/10/2017,5305.99,InsufficientFunds,Branch,1,78,15/12/2017,2492.97,CardExpired,Branch,1,89,29/01/2018,2666.37,InsufficientFunds,Branch,1,74,,,,,,,,,,
300814,24/07/1961,65,Other,68344,3,Medium,3,1,Blocked,16/12/2019,1565.8,TechnicalError,Branch,1,122,30/01/2020,1811.76,InsufficientFunds,Branch,2,90,15/03/2020,9445.03,TechnicalError,App,2,6,29/04/2020,1733.97,TechnicalError,CallCenter,2,100,,,,,,,,,,,,,150,18/11/2025,152,05/05/2026
300815,12/03/1966,59,Other,96000,7,Medium,4,1,Active,10/11/2021,6469.39,InsufficientFunds,Branch,1,76,25/12/2021,3827.35,InsufficientFunds,App,1,123,08/02/2022,3261.45,CardExpired,Branch,1,164,25/03/2022,1135.83,InsufficientFunds,CallCenter,3,108,,,,,,,,,,,173,08/05/2025,,,,
300816,22/10/1980,45,Other,37905,8,Medium,4,0,Active,24/06/2018,4378.3,InsufficientFunds,CallCenter,2,152,08/08/2018,3747.35,CardExpired,CallCenter,1,116,22/09/2018,5443.22,InsufficientFunds,CallCenter,2,94,06/11/2018,2940.82,InsufficientFunds,CallCenter,3,67,21/12/2018,8790.75,CardExpired,CallCenter,2,169,,,177,14/06/2025,,,154,31/08/2024,,
300817,21/12/1973,52,Female,89897,4,Medium,3,1,Active,25/05/2020,5187.58,TechnicalError,Branch,1,17,09/07/2020,6704.75,TechnicalError,CallCenter,3,141,,,,,,,,,,,,,,,,,,,,,102,23/10/2025,,,168,10/10/2025,,
300818,17/03/1989,37,Male,17831,6,Low,3,1,Active,23/06/2024,987.69,TechnicalError,CallCenter,2,8,07/08/2024,9028.3,InsufficientFunds,Branch,2,79,,,,,,,,,,,,,,,,,,,,,,,,,,,,
300819,15/08/1996,29,Male,23436,7,Low,4,0,Expired,21/05/2022,4690.98,CardExpired,Branch,3,53,05/07/2022,7796.01,CardExpired,App,2,110,19/08/2022,3011.95,CardExpired,App,1,53,03/10/2022,1720.71,CardExpired,CallCenter,3,105,17/11/2022,9246.18,InsufficientFunds,CallCenter,1,94,,,136,26/06/2024,,,117,24/03/2024,194,17/11/2024
300820,26/08/1951,75,Female,82473,6,Low,2,1,Active,21/11/2021,6241.84,CardExpired,CallCenter,1,126,05/01/2022,8267.21,CardExpired,Branch,2,116,19/02/2022,6263.12,TechnicalError,CallCenter,2,90,05/04/2022,2312.71,CardExpired,App,3,139,,,,,,,,,,,,,,,,
300821,07/12/1982,44,Other,91351,2,High,3,0,Blocked,10/07/2017,5349.12,TechnicalError,Branch,2,154,24/08/2017,379.69,TechnicalError,Branch,3,49,08/10/2017,8878.77,CardExpired,Branch,3,75,,,,,,,,,,,,,,,157,30/09/2025,,,,,187,13/10/2025
300822,05/06/1969,56,Male,22253,3,Low,2,0,Expired,26/08/2018,5193.76,InsufficientFunds,App,2,13,10/10/2018,3694.9,TechnicalError,App,2,174,24/11/2018,1955.63,CardExpired,App,3,126,08/01/2019,5488.35,TechnicalError,CallCenter,1,135,,,,,,,113,10/06/2025,,,,,,,,
300823,22/03/1996,29,Other,37471,1,Low,1,1,Active,10/02/2020,4132.81,CardExpired,CallCenter,2,44,26/03/2020,1795.44,TechnicalError,CallCenter,1,141,10/05/2020,8935.01,CardExpired,Branch,1,156,24/06/2020,403.59,CardExpired,Branch,1,84,08/08/2020,9337.49,InsufficientFunds,Branch,3,114,,,,,135,10/10/2024,,,168,10/05/2025
300824,02/11/1974,51,Female,33221,3,Medium,3,0,Blocked,19/05/2022,6599.05,InsufficientFunds,App,2,96,03/07/2022,1337.16,TechnicalError,CallCenter,1,80,17/08/2022,9944.79,CardExpired,CallCenter,2,175,01/10/2022,3334.07,CardExpired,App,2,146,,,,,,,140,05/05/2025,,,176,11/09/2025,,,142,30/12/2024
300825,04/08/1993,32,Other,93607,7,Medium,3,0,Blocked,21/07/2021,2865.75,InsufficientFunds,CallCenter,3,87,04/09/2021,3921.27,InsufficientFunds,App,1,115,19/10/2021,6757.37,TechnicalError,Branch,2,118,03/12/2021,426.46,TechnicalError,CallCenter,3,74,,,,,,,157,11/07/2024,,,130,11/09/2024,,,,
300826,10/02/1969,56,Female,42962,2,Medium,2,0,Expired,01/03/2017,8370.35,InsufficientFunds,Branch,1,137,15/04/2017,7934.21,TechnicalError,CallCenter,3,138,30/05/2017,2800.12,CardExpired,Branch,3,107,14/07/2017,9357.83,TechnicalError,App,2,38,,,,,,,186,15/04/2024,,,,,,,,
300827,14/07/1985,40,Other,68797,3,High,3,0,Blocked,10/11/2016,6402.49,TechnicalError,CallCenter,2,91,25/12/2016,7896.77,CardExpired,Branch,2,13,08/02/2017,4632.09,InsufficientFunds,App,3,126,25/03/2017,944.5,CardExpired,CallCenter,3,99,,,,,,,146,11/01/2025,142,17/09/2025,,,129,15/03/2025,138,30/11/2024
300828,04/02/1957,68,Other,78341,4,Low,2,0,Active,16/05/2020,6658.15,InsufficientFunds,CallCenter,2,109,30/06/2020,9883.66,CardExpired,CallCenter,3,37,14/08/2020,5187.41,InsufficientFunds,CallCenter,1,38,28/09/2020,54.84,InsufficientFunds,Branch,1,57,,,,,,,114,17/02/2025,,,155,24/11/2024,,,,
300829,16/11/1947,78,Male,60315,2,Medium,3,1,Blocked,16/07/2018,4733.8,InsufficientFunds,Branch,2,11,,,,,,,,,,,,,,,,,,,,,,,,,,,136,30/03/2025,188,04/01/2025,,,,
300830,16/10/1980,45,Male,80581,2,High,3,0,Active,09/12/2016,2446.81,CardExpired,App,1,83,23/01/2017,9278.4,CardExpired,Branch,2,49,09/03/2017,323.97,CardExpired,CallCenter,2,102,,,,,,,,,,,,,170,23/07/2024,,,197,30/06/2025,,,,
300831,21/01/1983,42,Other,80618,3,Low,4,0,Expired,03/05/2015,3252.62,TechnicalError,CallCenter,2,118,,,,,,,,,,,,,,,,,,,,,,,,,120,23/06/2024,,,154,30/07/2024,,,102,13/02/2025
300832,02/09/1978,47,Female,98089,8,High,3,0,Blocked,06/12/2022,1358.36,TechnicalError,CallCenter,1,15,20/01/2023,2717.21,InsufficientFunds,Branch,1,85,,,,,,,,,,,,,,,,,,,,,,,,,,,153,01/07/2024
300833,27/02/2001,24,Other,59029,5,High,2,1,Expired,01/08/2016,3578.03,TechnicalError,Branch,3,114,15/09/2016,1985.96,InsufficientFunds,CallCenter,2,142,,,,,,,,,,,,,,,,,,,,,,,171,27/05/2024,,,,
300834,07/03/1997,28,Male,50427,8,Low,4,1,Expired,21/05/2015,6760.28,TechnicalError,CallCenter,2,140,05/07/2015,1382.48,TechnicalError,App,1,168,19/08/2015,5296.43,TechnicalError,CallCenter,2,52,03/10/2015,7102.98,TechnicalError,CallCenter,3,170,17/11/2015,7660.54,TechnicalError,CallCenter,2,144,,,,,128,25/02/2024,146,24/10/2024,,
300835,02/06/1974,52,Male,27993,6,Medium,2,0,Expired,08/03/2021,1813.94,CardExpired,App,2,166,,,,,,,,,,,,,,,,,,,,,,,,,,,,,131,09/01/2026,170,26/08/2025,,
300836,13/01/1966,59,Other,10572,3,Medium,1,0,Blocked,15/09/2017,7714.65,TechnicalError,CallCenter,1,89,30/10/2017,3748.47,InsufficientFunds,CallCenter,2,27,14/12/2017,609.59,CardExpired,Branch,1,38,28/01/2018,6984.38,InsufficientFunds,App,2,99,,,,,,,191,02/01/2025,,,194,17/01/2024,,,,
300837,26/06/1961,64,Female,64771,6,High,1,1,Expired,07/11/2016,9382.49,CardExpired,App,2,19,22/12/2016,5126.84,InsufficientFunds,App,3,156,05/02/2017,9915.99,CardExpired,CallCenter,2,72,,,,,,,,,,,,,,,,,,,,,,
300838,13/05/1981,45,Female,66069,2,High,1,1,Active,06/10/2021,5298.42,InsufficientFunds,App,3,76,20/11/2021,8426.94,CardExpired,Branch,1,115,04/01/2022,9132.15,TechnicalError,CallCenter,2,101,18/02/2022,7444.75,InsufficientFunds,CallCenter,1,54,,,,,,,,,,,,,,,,
300839,22/02/1977,49,Male,67094,1,Low,4,1,Active,18/07/2016,4621.27,CardExpired,CallCenter,3,9,,,,,,,,,,,,,,,,,,,,,,,,,139,08/03/2026,,,,,,,,
300840,03/09/1951,74,Other,23428,9,High,4,1,Expired,13/09/2022,1115.57,CardExpired,App,1,84,28/10/2022,6207.4,CardExpired,Branch,2,62,12/12/2022,8787.34,CardExpired,CallCenter,1,164,26/01/2023,9660.99,TechnicalError,App,1,117,,,,,,,199,01/06/2025,,,,,155,14/03/2025,136,18/03/2025
300841,06/12/1953,73,Male,28511,6,Medium,4,1,Blocked,13/06/2025,9855.18,TechnicalError,Branch,1,33,28/07/2025,5823.58,CardExpired,CallCenter,2,144,,,,,,,,,,,,,,,,,,,,,,,,,106,22/05/2025,131,19/08/2025
300842,12/11/2005,20,Female,16277,3,Medium,4,0,Active,21/10/2022,6114.73,TechnicalError,CallCenter,3,136,05/12/2022,6532.61,InsufficientFunds,Branch,2,162,19/01/2023,3166.81,InsufficientFunds,CallCenter,2,151,05/03/2023,5319.98,CardExpired,App,3,140,,,,,,,152,22/12/2024,,,,,,,,
300843,25/10/1949,76,Male,87283,2,High,4,0,Blocked,29/05/2021,7392.01,InsufficientFunds,CallCenter,3,170,13/07/2021,5367.92,CardExpired,Branch,3,17,27/08/2021,2105.88,InsufficientFunds,App,1,23,11/10/2021,5723.09,InsufficientFunds,CallCenter,2,106,,,,,,,143,06/04/2025,185,05/07/2024,150,24/11/2024,157,19/03/2025,134,19/09/2024
300844,23/10/1985,40,Other,90131,1,Low,2,1,Expired,16/11/2018,4646.2,CardExpired,CallCenter,2,175,31/12/2018,8531.56,TechnicalError,Branch,1,57,,,,,,,,,,,,,,,,,,,,,192,26/03/2025,,,,,190,20/09/2024
300845,05/01/1993,33,Female,16522,2,High,4,0,Expired,25/11/2019,3919.73,InsufficientFunds,Branch,1,154,09/01/2020,3905.37,TechnicalError,App,1,83,23/02/2020,8436.73,TechnicalError,CallCenter,2,51,,,,,,,,,,,,,,,,,,,,,,
300846,01/12/1977,49,Other,98415,1,High,3,0,Active,25/08/2019,8355.5,TechnicalError,Branch,3,31,09/10/2019,2502.69,InsufficientFunds,Branch,1,141,23/11/2019,8784.93,InsufficientFunds,App,2,165,07/01/2020,2900.43,InsufficientFunds,CallCenter,2,120,,,,,,,,,,,,,,,138,23/06/2025
300847,20/03/1956,69,Male,36454,2,High,3,0,Expired,03/11/2023,9711.6,TechnicalError,App,1,158,18/12/2023,8652.72,InsufficientFunds,CallCenter,3,80,,,,,,,,,,,,,,,,,,,,,179,08/04/2024,109,29/07/2024,183,23/02/2024,155,11/03/2024
300848,06/03/1967,58,Male,90276,7,Medium,3,1,Blocked,20/11/2019,6266.38,TechnicalError,CallCenter,2,62,04/01/2020,5228.48,TechnicalError,CallCenter,2,111,18/02/2020,3350.12,TechnicalError,Branch,1,34,03/04/2020,8585.32,InsufficientFunds,Branch,1,49,18/05/2020,2797,InsufficientFunds,Branch,2,56,107,15/11/2025,,,133,29/07/2025,,,,
300849,10/09/1948,77,Other,33592,3,Medium,3,0,Active,30/01/2025,6005.53,TechnicalError,Branch,3,144,16/03/2025,3500.52,TechnicalError,App,1,166,30/04/2025,1699.95,TechnicalError,App,1,94,14/06/2025,8993.05,CardExpired,Branch,2,20,,,,,,,112,03/08/2025,,,,,,,,
300850,24/11/1981,45,Male,22622,1,High,1,1,Blocked,17/01/2024,5895.08,TechnicalError,Branch,1,63,02/03/2024,9637.47,CardExpired,CallCenter,1,86,,,,,,,,,,,,,,,,,,,,,121,12/05/2025,,,,,195,18/07/2025
300851,09/07/1978,47,Male,45813,4,Low,4,1,Blocked,17/05/2017,2764.46,InsufficientFunds,App,1,75,01/07/2017,2431.35,InsufficientFunds,App,2,81,15/08/2017,9431.65,TechnicalError,Branch,3,178,29/09/2017,584.16,TechnicalError,CallCenter,1,163,,,,,,,145,30/07/2025,,,,,,,,
300852,05/03/1958,67,Female,40140,7,High,2,0,Active,06/03/2020,9888.5,InsufficientFunds,CallCenter,3,46,20/04/2020,50.43,InsufficientFunds,App,1,21,04/06/2020,1829.13,TechnicalError,App,3,38,19/07/2020,2770.35,CardExpired,CallCenter,3,42,,,,,,,,,116,16/12/2024,,,,,108,01/01/2025
300853,16/07/1957,68,Female,49792,9,Low,3,0,Blocked,14/01/2018,3867.62,InsufficientFunds,Branch,1,120,28/02/2018,8094.72,CardExpired,App,3,103,14/04/2018,6493.33,TechnicalError,App,3,130,29/05/2018,1145.54,CardExpired,Branch,3,36,13/07/2018,7337.76,TechnicalError,CallCenter,1,32,129,08/12/2024,,,,,,,172,12/02/2025
300854,07/01/2005,21,Other,78387,7,Medium,3,1,Active,27/11/2018,2409.27,CardExpired,App,1,179,11/01/2019,7314.49,TechnicalError,Branch,3,33,25/02/2019,6093.71,TechnicalError,CallCenter,1,139,,,,,,,,,,,,,180,28/12/2025,156,03/03/2025,,,169,26/02/2025,,
300855,12/11/2006,20,Female,37091,3,Medium,3,1,Active,30/10/2019,892.38,CardExpired,App,2,116,14/12/2019,2822.73,TechnicalError,CallCenter,3,47,28/01/2020,8936.79,TechnicalError,Branch,1,23,13/03/2020,2277.55,TechnicalError,App,2,43,,,,,,,,,131,26/07/2025,,,,,127,07/06/2025
300856,22/01/1957,68,Other,56511,2,Low,2,1,Blocked,13/09/2019,884.72,TechnicalError,Branch,2,107,28/10/2019,3450.96,InsufficientFunds,CallCenter,1,101,12/12/2019,523.33,InsufficientFunds,App,3,5,26/01/2020,3627.12,TechnicalError,App,1,33,11/03/2020,2928.61,CardExpired,App,3,30,112,19/07/2024,188,23/12/2024,190,16/01/2024,120,24/10/2024,,
300857,07/02/1941,84,Male,20216,3,Medium,2,0,Expired,20/03/2023,3636.2,InsufficientFunds,CallCenter,1,89,04/05/2023,4355.42,TechnicalError,App,3,108,,,,,,,,,,,,,,,,,,,124,28/08/2025,121,13/12/2024,,,160,29/10/2025,,
300858,19/10/1968,58,Male,40795,8,High,1,0,Active,14/10/2023,8635.37,TechnicalError,Branch,1,13,28/11/2023,9758.6,TechnicalError,App,2,5,12/01/2024,1999.76,TechnicalError,Branch,2,33,26/02/2024,7155.28,TechnicalError,Branch,2,38,11/04/2024,5734.72,TechnicalError,CallCenter,1,173,,,191,06/07/2025,125,24/03/2026,,,,
300859,18/07/1991,34,Male,47209,1,High,4,0,Blocked,21/12/2014,6885.53,CardExpired,Branch,3,163,04/02/2015,2286.62,InsufficientFunds,App,3,127,,,,,,,,,,,,,,,,,,,,,,,,,,,,
300860,17/03/1949,76,Male,24438,5,High,1,0,Blocked,28/03/2016,2309.83,CardExpired,App,3,67,12/05/2016,1442.5,InsufficientFunds,App,1,145,26/06/2016,9803.35,TechnicalError,CallCenter,2,23,,,,,,,,,,,,,140,05/10/2025,,,135,11/09/2025,187,26/12/2024,,
300861,25/07/1954,71,Female,51216,4,Low,4,1,Expired,17/04/2019,2325.81,CardExpired,Branch,3,33,01/06/2019,860.98,InsufficientFunds,App,1,42,16/07/2019,7349.54,TechnicalError,App,1,90,30/08/2019,7018.75,TechnicalError,CallCenter,3,18,,,,,,,116,14/02/2025,,,,,199,27/02/2025,178,08/03/2025
300862,24/01/1976,49,Other,52128,4,Low,3,1,Active,23/10/2018,5214.84,CardExpired,App,3,119,07/12/2018,3261.17,CardExpired,CallCenter,2,80,21/01/2019,3940.83,CardExpired,CallCenter,2,3,07/03/2019,7954.03,TechnicalError,CallCenter,2,22,,,,,,,143,01/12/2024,,,145,24/06/2025,,,,
300863,14/12/2004,21,Other,80819,2,Low,1,1,Expired,03/10/2015,9013.09,InsufficientFunds,CallCenter,3,139,17/11/2015,9921.59,TechnicalError,CallCenter,2,93,01/01/2016,7041.64,InsufficientFunds,App,1,153,,,,,,,,,,,,,,,120,20/03/2025,159,22/06/2025,,,167,21/11/2024
300864,10/04/1963,63,Male,33740,3,Low,2,1,Blocked,12/10/2020,8868.25,CardExpired,Branch,3,84,26/11/2020,9960.64,InsufficientFunds,Branch,2,1,10/01/2021,6847.96,InsufficientFunds,CallCenter,1,5,,,,,,,,,,,,,,,,,,,100,10/02/2026,192,05/12/2025
300865,09/04/1989,36,Other,60840,5,Medium,3,1,Blocked,14/09/2020,8049.7,TechnicalError,App,2,1,29/10/2020,6301.9,InsufficientFunds,CallCenter,1,142,13/12/2020,5016.39,InsufficientFunds,App,1,49,,,,,,,,,,,,,116,10/07/2024,,,,,101,04/07/2024,112,13/02/2025
300866,16/10/1977,48,Male,52473,7,Medium,4,0,Expired,01/06/2022,5826.45,CardExpired,CallCenter,3,91,16/07/2022,5385.48,CardExpired,CallCenter,3,119,30/08/2022,8860.66,CardExpired,App,1,120,14/10/2022,7341.69,TechnicalError,CallCenter,3,87,,,,,,,,,,,,,,,,
300867,16/11/1999,26,Other,87477,1,High,4,1,Blocked,04/01/2022,7009.41,TechnicalError,Branch,1,53,18/02/2022,9764.88,TechnicalError,App,1,44,04/04/2022,5939.91,CardExpired,App,3,55,,,,,,,,,,,,,123,16/01/2025,,,100,02/11/2024,,,,
300868,08/10/1965,60,Female,82089,4,Medium,1,0,Blocked,14/01/2024,671.33,CardExpired,CallCenter,3,98,28/02/2024,2287.38,CardExpired,CallCenter,1,5,13/04/2024,5301.21,CardExpired,Branch,3,83,28/05/2024,2117.67,TechnicalError,App,2,86,,,,,,,,,,,,,,,169,15/02/2025
300869,04/02/2004,22,Female,59555,4,Medium,4,1,Blocked,29/06/2025,4216.24,InsufficientFunds,CallCenter,3,159,13/08/2025,6506.98,TechnicalError,Branch,3,26,27/09/2025,995.64,CardExpired,CallCenter,1,47,11/11/2025,3452.58,InsufficientFunds,CallCenter,1,48,,,,,,,,,152,15/03/2026,,,,,,
300870,09/05/1953,73,Male,65409,7,Medium,2,1,Expired,22/08/2022,5773.04,CardExpired,CallCenter,3,105,06/10/2022,2593.84,InsufficientFunds,App,2,44,20/11/2022,66.05,InsufficientFunds,App,3,35,,,,,,,,,,,,,180,02/07/2025,,,,,137,30/01/2026,,
300871,11/11/1968,57,Female,57710,8,Medium,3,1,Active,09/07/2023,8266.67,InsufficientFunds,Branch,3,175,23/08/2023,1636.1,InsufficientFunds,App,2,24,07/10/2023,6233.52,TechnicalError,CallCenter,3,99,21/11/2023,5260.21,CardExpired,Branch,2,4,,,,,,,,,,,,,115,08/11/2024,,
300872,24/07/1958,67,Female,72331,9,High,3,1,Active,23/03/2015,3712.31,CardExpired,CallCenter,3,27,07/05/2015,7841.14,TechnicalError,App,1,171,21/06/2015,5363.64,TechnicalError,App,1,1,05/08/2015,4442.29,TechnicalError,Branch,3,161,,,,,,,,,170,31/01/2025,176,22/03/2024,,,126,20/10/2024
300873,04/02/1941,84,Female,37273,4,Low,1,0,Expired,11/03/2022,4367.72,InsufficientFunds,Branch,2,12,25/04/2022,8859.28,TechnicalError,App,1,144,,,,,,,,,,,,,,,,,,,140,17/10/2024,,,,,,,,
300874,17/11/1955,71,Female,60909,8,High,3,0,Blocked,10/04/2025,1153.57,InsufficientFunds,Branch,3,81,25/05/2025,6745.94,InsufficientFunds,App,2,138,09/07/2025,6662.88,TechnicalError,App,3,117,23/08/2025,1597.6,InsufficientFunds,CallCenter,1,76,,,,,,,158,18/05/2025,194,10/02/2025,162,30/10/2025,139,02/05/2025,,
300875,18/02/1958,67,Other,41494,8,Low,3,0,Active,28/12/2021,319.19,TechnicalError,Branch,3,154,11/02/2022,8669.9,CardExpired,App,1,110,28/03/2022,4470.64,TechnicalError,Branch,1,13,12/05/2022,4653.53,CardExpired,App,2,179,,,,,,,,,178,04/06/2025,162,03/06/2025,,,,
300876,04/12/1953,72,Male,17867,9,High,4,1,Expired,11/06/2021,188.44,TechnicalError,App,3,5,26/07/2021,7127.81,TechnicalError,Branch,3,15,,,,,,,,,,,,,,,,,,,124,07/03/2025,,,,,,,,
300877,16/08/1964,61,Female,23552,8,High,1,1,Blocked,16/10/2025,2802.06,InsufficientFunds,Branch,2,51,,,,,,,,,,,,,,,,,,,,,,,,,,,,,,,138,04/11/2025,,
300878,25/09/1991,35,Male,72551,8,Medium,4,0,Blocked,29/08/2019,9154.71,CardExpired,App,3,110,,,,,,,,,,,,,,,,,,,,,,,,,,,155,09/03/2025,129,11/05/2025,,,,
300879,07/06/1944,81,Male,44149,5,Low,2,1,Active,17/03/2023,9326.9,CardExpired,CallCenter,3,112,,,,,,,,,,,,,,,,,,,,,,,,,,,121,16/04/2025,,,183,31/03/2025,,
300880,18/05/2006,20,Male,70212,5,Medium,1,1,Active,29/07/2023,580.08,TechnicalError,Branch,1,77,,,,,,,,,,,,,,,,,,,,,,,,,176,30/05/2025,124,14/09/2025,,,165,30/10/2025,119,26/05/2025
300881,15/05/1968,57,Female,46487,6,Medium,2,0,Active,10/03/2023,2857.73,TechnicalError,Branch,3,26,24/04/2023,8322.17,TechnicalError,Branch,3,41,08/06/2023,6690.23,InsufficientFunds,CallCenter,3,32,23/07/2023,8923.88,InsufficientFunds,App,1,18,06/09/2023,2107.13,TechnicalError,Branch,2,139,,,,,,,142,04/09/2024,,
300882,07/05/1964,62,Male,86545,5,High,4,1,Blocked,25/12/2020,3087.18,TechnicalError,App,1,78,08/02/2021,4570.58,CardExpired,Branch,2,39,25/03/2021,9254.11,CardExpired,CallCenter,2,67,09/05/2021,371.36,CardExpired,CallCenter,2,124,23/06/2021,7621.35,InsufficientFunds,CallCenter,1,131,,,,,,,,,131,14/03/2026
300883,14/02/1942,83,Male,13989,6,High,1,1,Expired,16/04/2023,2486.06,InsufficientFunds,CallCenter,2,42,31/05/2023,2273.85,CardExpired,App,2,136,15/07/2023,723.77,TechnicalError,Branch,3,7,,,,,,,,,,,,,155,03/07/2025,139,15/04/2025,,,100,18/02/2025,181,10/10/2024
300884,01/12/1982,43,Female,17497,3,High,1,0,Active,22/05/2018,8508.06,InsufficientFunds,App,2,62,,,,,,,,,,,,,,,,,,,,,,,,,126,07/08/2024,180,08/10/2024,199,26/01/2025,,,,
300885,06/09/1983,42,Male,60638,3,Medium,1,1,Blocked,26/03/2019,3146.36,CardExpired,App,2,70,10/05/2019,5558.61,CardExpired,App,3,133,24/06/2019,2890.41,CardExpired,CallCenter,2,11,08/08/2019,3130.14,CardExpired,App,2,159,22/09/2019,1513.17,InsufficientFunds,CallCenter,1,87,,,104,25/12/2024,196,04/04/2025,,,148,15/09/2025
300886,18/03/1961,64,Female,67049,1,Low,1,0,Blocked,17/11/2019,7495,InsufficientFunds,App,2,115,01/01/2020,6463.25,InsufficientFunds,App,2,35,,,,,,,,,,,,,,,,,,,193,20/01/2025,,,,,,,159,20/06/2025
300887,26/04/1943,82,Other,94767,7,High,2,1,Active,14/06/2020,7528.77,CardExpired,CallCenter,3,140,29/07/2020,2448.18,InsufficientFunds,App,3,121,12/09/2020,9571.35,TechnicalError,App,3,125,,,,,,,,,,,,,,,,,127,11/04/2025,,,,
300888,25/07/1965,60,Female,13754,8,Medium,2,0,Active,12/04/2023,3110.99,TechnicalError,App,2,158,27/05/2023,3198.68,TechnicalError,CallCenter,2,121,11/07/2023,1521.83,TechnicalError,Branch,1,64,25/08/2023,927.41,TechnicalError,CallCenter,2,72,,,,,,,,,,,103,17/12/2024,,,105,17/02/2024
300889,14/01/1996,30,Other,62833,8,High,4,1,Blocked,07/02/2023,8439.32,TechnicalError,CallCenter,2,121,,,,,,,,,,,,,,,,,,,,,,,,,,,,,,,,,133,10/05/2025
300890,09/07/1961,64,Male,84166,8,Medium,4,1,Expired,20/02/2022,3754.57,TechnicalError,Branch,1,127,06/04/2022,8918.3,TechnicalError,Branch,3,142,21/05/2022,1411.06,TechnicalError,App,2,87,,,,,,,,,,,,,,,,,,,,,,
300891,25/12/2005,20,Other,27553,2,Medium,2,0,Expired,21/01/2016,1648.85,TechnicalError,Branch,2,117,06/03/2016,597.91,TechnicalError,App,2,75,20/04/2016,3901.86,InsufficientFunds,App,2,30,04/06/2016,4258.43,TechnicalError,Branch,1,29,19/07/2016,362.86,TechnicalError,CallCenter,2,60,172,01/07/2025,180,12/10/2024,112,14/09/2024,,,125,19/05/2025
300892,10/11/1991,34,Other,58588,8,High,3,1,Active,10/05/2021,8151.29,InsufficientFunds,CallCenter,3,109,24/06/2021,3974.76,TechnicalError,App,2,79,08/08/2021,9160.8,InsufficientFunds,Branch,1,141,22/09/2021,3403.07,InsufficientFunds,CallCenter,1,95,,,,,,,143,24/03/2025,,,,,,,,
300893,11/03/1950,75,Female,83494,8,High,4,1,Active,04/06/2020,1898.97,CardExpired,CallCenter,1,96,19/07/2020,9792.19,CardExpired,Branch,3,36,,,,,,,,,,,,,,,,,,,,,136,14/04/2025,140,16/12/2024,110,16/02/2025,,
300894,16/06/1987,39,Female,42511,1,Medium,3,0,Blocked,13/03/2016,8096.4,InsufficientFunds,CallCenter,2,39,27/04/2016,159.52,CardExpired,Branch,3,74,,,,,,,,,,,,,,,,,,,160,24/11/2025,,,,,,,105,17/05/2025
300895,09/03/1960,65,Male,66943,8,Low,3,1,Blocked,03/07/2019,7730.93,InsufficientFunds,App,3,76,17/08/2019,9449.65,CardExpired,App,3,24,01/10/2019,301.81,CardExpired,CallCenter,1,18,15/11/2019,6913,InsufficientFunds,App,3,137,30/12/2019,6139.53,InsufficientFunds,CallCenter,3,149,,,,,156,02/03/2025,,,,
300896,17/11/1966,59,Female,77420,9,Medium,3,1,Expired,08/10/2017,9563,InsufficientFunds,Branch,3,147,,,,,,,,,,,,,,,,,,,,,,,,,,,,,,,155,29/12/2024,,
300897,20/04/1955,71,Other,82068,8,Low,4,0,Blocked,24/06/2017,8802.95,TechnicalError,App,1,83,,,,,,,,,,,,,,,,,,,,,,,,,,,,,,,,,,
300898,01/08/1944,82,Other,45496,5,Medium,3,0,Expired,25/08/2022,9908.1,TechnicalError,CallCenter,1,117,09/10/2022,7780.01,InsufficientFunds,Branch,1,114,23/11/2022,6802.85,InsufficientFunds,App,1,146,07/01/2023,5692.66,CardExpired,App,2,165,,,,,,,144,23/12/2025,,,,,112,16/08/2025,177,09/05/2025
300899,22/09/1942,83,Male,27488,9,High,2,0,Expired,28/04/2023,2569.34,CardExpired,CallCenter,2,13,12/06/2023,9174.52,InsufficientFunds,Branch,3,27,27/07/2023,3489.28,CardExpired,CallCenter,3,114,10/09/2023,905.9,CardExpired,App,1,83,25/10/2023,6901.62,InsufficientFunds,CallCenter,2,53,161,10/01/2025,128,29/01/2025,,,,,147,02/10/2024
300900,15/09/1954,72,Female,39661,8,High,3,1,Expired,02/12/2016,1591.14,TechnicalError,CallCenter,2,47,16/01/2017,1930.06,InsufficientFunds,CallCenter,2,31,,,,,,,,,,,,,,,,,,,,,,,,,142,30/01/2026,,
300901,08/07/1975,50,Female,66116,2,High,1,1,Blocked,14/10/2017,5429.53,TechnicalError,CallCenter,1,134,28/11/2017,9814.67,InsufficientFunds,App,3,39,12/01/2018,9840.01,InsufficientFunds,CallCenter,1,165,,,,,,,,,,,,,,,100,05/09/2024,110,11/06/2024,,,,
300902,11/10/1995,30,Male,90923,5,High,2,1,Active,11/03/2019,260.1,TechnicalError,App,3,160,25/04/2019,3531.63,TechnicalError,App,1,49,,,,,,,,,,,,,,,,,,,,,136,14/12/2024,,,,,172,08/03/2025
300903,09/10/1965,60,Male,74441,2,Medium,2,0,Expired,13/02/2022,2561.42,CardExpired,App,2,20,30/03/2022,2215.95,InsufficientFunds,Branch,3,102,14/05/2022,4175.03,InsufficientFunds,App,3,27,28/06/2022,2075.34,TechnicalError,Branch,1,52,12/08/2022,3178.14,InsufficientFunds,Branch,3,74,,,189,20/11/2024,100,03/02/2025,,,,
300904,10/02/1958,67,Female,46517,9,Low,2,0,Expired,23/11/2019,4517.43,TechnicalError,CallCenter,2,152,07/01/2020,7955.8,InsufficientFunds,CallCenter,1,119,21/02/2020,656.08,TechnicalError,CallCenter,2,28,06/04/2020,6630.72,TechnicalError,App,3,144,,,,,,,,,135,13/02/2024,,,155,10/12/2024,128,10/01/2025
300905,15/10/1985,41,Male,58155,4,Medium,2,1,Active,04/11/2017,3664.3,TechnicalError,App,1,80,19/12/2017,4940.63,InsufficientFunds,Branch,2,48,02/02/2018,6553.43,CardExpired,App,1,132,19/03/2018,9488.93,TechnicalError,App,2,21,,,,,,,,,,,195,08/04/2025,174,18/08/2025,,
300906,27/08/1989,36,Male,77662,9,Medium,2,1,Blocked,06/06/2022,3828.82,CardExpired,CallCenter,3,78,21/07/2022,9010.25,InsufficientFunds,Branch,3,115,04/09/2022,5901.08,CardExpired,Branch,1,139,19/10/2022,1631.82,CardExpired,Branch,3,27,,,,,,,,,194,20/03/2025,,,,,102,12/04/2025
300907,08/12/1945,80,Male,74424,1,High,2,1,Expired,25/09/2023,9294.03,InsufficientFunds,CallCenter,3,58,09/11/2023,7356.19,CardExpired,Branch,3,123,24/12/2023,2117.48,CardExpired,CallCenter,2,161,07/02/2024,3535.78,TechnicalError,CallCenter,1,3,,,,,,,116,20/12/2024,112,12/10/2024,,,,,111,18/07/2024
300908,27/09/1951,75,Female,31176,5,Low,1,1,Expired,03/12/2019,3546.94,TechnicalError,CallCenter,2,69,17/01/2020,7250.75,CardExpired,CallCenter,3,11,02/03/2020,8680.66,CardExpired,CallCenter,2,36,,,,,,,,,,,,,,,,,,,,,,
300909,16/06/1949,76,Other,74048,5,Low,1,1,Blocked,18/07/2019,8736.83,InsufficientFunds,CallCenter,3,165,01/09/2019,5151.78,TechnicalError,CallCenter,3,43,,,,,,,,,,,,,,,,,,,,,141,07/03/2025,,,,,,
300910,01/03/1965,61,Male,59629,5,Medium,3,0,Active,25/06/2019,3366.8,InsufficientFunds,Branch,3,104,09/08/2019,1984.45,InsufficientFunds,CallCenter,3,31,,,,,,,,,,,,,,,,,,,,,,,116,06/08/2025,,,123,16/02/2026
300911,09/11/1956,69,Other,41259,9,High,3,0,Blocked,21/01/2019,3208.65,InsufficientFunds,App,3,21,07/03/2019,3626,InsufficientFunds,CallCenter,1,130,21/04/2019,84.49,CardExpired,App,2,116,05/06/2019,366.14,CardExpired,CallCenter,2,78,20/07/2019,7353.11,InsufficientFunds,Branch,3,100,,,153,16/03/2024,,,109,31/10/2024,145,25/04/2024
300912,10/05/1986,39,Male,77467,4,Low,2,1,Expired,30/08/2020,9981.98,InsufficientFunds,CallCenter,2,135,14/10/2020,5339.44,InsufficientFunds,CallCenter,1,38,28/11/2020,3390.14,InsufficientFunds,CallCenter,3,21,12/01/2021,9760.6,InsufficientFunds,App,1,91,26/02/2021,1839.96,InsufficientFunds,CallCenter,1,113,,,,,,,,,167,02/08/2025
300913,23/05/1945,80,Female,40228,6,Low,4,1,Active,21/01/2017,6434.8,TechnicalError,App,1,40,,,,,,,,,,,,,,,,,,,,,,,,,,,,,,,,,,
300914,12/08/1967,59,Other,36656,4,High,1,0,Expired,01/02/2019,2683.26,TechnicalError,CallCenter,2,106,18/03/2019,8652.12,TechnicalError,Branch,1,100,02/05/2019,6059.93,InsufficientFunds,Branch,1,94,16/06/2019,5935.06,InsufficientFunds,Branch,1,73,,,,,,,182,21/05/2025,,,196,18/04/2026,,,,
300915,10/08/1958,67,Male,89803,9,High,2,1,Active,11/07/2015,3561.34,InsufficientFunds,Branch,3,17,25/08/2015,531.94,InsufficientFunds,CallCenter,2,28,09/10/2015,4078.61,InsufficientFunds,App,1,8,23/11/2015,1171.6,CardExpired,App,3,125,07/01/2016,9021.8,TechnicalError,Branch,1,126,,,,,,,,,,
300916,07/12/1946,79,Male,69115,4,High,4,0,Expired,07/07/2017,7707.01,CardExpired,Branch,1,100,21/08/2017,4146.29,CardExpired,App,2,70,05/10/2017,1943.01,CardExpired,App,1,135,19/11/2017,8849.24,CardExpired,CallCenter,2,38,03/01/2018,8078.13,InsufficientFunds,CallCenter,1,39,,,,,,,,,,
300917,06/04/2000,26,Female,74472,7,Low,2,0,Expired,31/08/2022,5704.59,CardExpired,Branch,1,69,15/10/2022,3929.34,InsufficientFunds,CallCenter,3,117,,,,,,,,,,,,,,,,,,,,,,,,,,,,
300918,16/09/1950,76,Female,93711,3,Medium,3,1,Expired,26/12/2020,8996.14,InsufficientFunds,Branch,3,35,09/02/2021,3083.82,TechnicalError,App,3,72,26/03/2021,497.34,InsufficientFunds,Branch,2,169,10/05/2021,289.47,CardExpired,App,1,82,,,,,,,,,108,02/06/2025,,,,,,
300919,23/03/1961,64,Other,18057,3,Medium,4,1,Expired,05/12/2015,3217.14,CardExpired,Branch,1,61,,,,,,,,,,,,,,,,,,,,,,,,,,,,,109,19/01/2025,,,176,18/03/2025
300920,12/11/1951,75,Male,92744,7,High,3,1,Active,13/05/2024,810.76,InsufficientFunds,CallCenter,2,104,27/06/2024,6274.25,TechnicalError,Branch,3,159,11/08/2024,6088.62,TechnicalError,CallCenter,1,146,25/09/2024,8269.85,InsufficientFunds,Branch,2,92,,,,,,,198,28/08/2025,127,03/03/2026,153,30/04/2025,,,,
300921,17/10/1967,59,Male,81125,1,High,2,1,Expired,17/08/2022,4848.75,CardExpired,CallCenter,1,109,01/10/2022,6389.06,InsufficientFunds,Branch,2,88,15/11/2022,9701.65,InsufficientFunds,App,2,89,,,,,,,,,,,,,182,29/04/2025,192,11/03/2025,174,01/11/2025,,,157,20/07/2025
300922,03/12/1978,47,Male,67878,8,Medium,4,0,Active,10/05/2015,2244.28,TechnicalError,Branch,1,124,24/06/2015,9135.72,CardExpired,Branch,1,39,08/08/2015,951.94,TechnicalError,App,1,119,22/09/2015,7511.63,TechnicalError,CallCenter,3,177,06/11/2015,9686.64,TechnicalError,CallCenter,1,98,191,17/06/2024,,,,,,,,
300923,15/02/1955,71,Male,31742,7,Medium,4,0,Expired,02/01/2019,7012.92,TechnicalError,CallCenter,2,75,16/02/2019,539.08,InsufficientFunds,Branch,2,47,,,,,,,,,,,,,,,,,,,150,18/10/2025,,,,,,,,
300924,21/10/1980,45,Female,94355,9,High,1,1,Expired,06/12/2020,2899.3,CardExpired,CallCenter,3,148,20/01/2021,5470.51,CardExpired,CallCenter,1,37,06/03/2021,2883.31,CardExpired,Branch,2,50,,,,,,,,,,,,,,,138,20/10/2025,,,149,23/04/2025,,
300925,18/02/1997,28,Other,64418,2,High,3,1,Active,09/10/2020,4379.63,TechnicalError,CallCenter,2,144,23/11/2020,7891.05,InsufficientFunds,Branch,2,47,07/01/2021,2588.17,CardExpired,App,3,17,21/02/2021,4889.99,TechnicalError,CallCenter,3,96,07/04/2021,3911.54,CardExpired,CallCenter,2,6,108,29/06/2025,122,16/05/2025,153,10/03/2025,,,,
300926,01/04/1954,72,Other,77465,9,Medium,2,1,Active,19/06/2022,9696.47,InsufficientFunds,Branch,3,42,03/08/2022,6302.34,TechnicalError,App,1,110,17/09/2022,2220.43,CardExpired,App,2,69,,,,,,,,,,,,,,,,,107,28/09/2025,157,31/10/2025,198,26/06/2025
300927,24/11/1957,68,Female,21391,2,High,2,1,Expired,16/06/2023,4955.55,InsufficientFunds,Branch,2,133,31/07/2023,5580.05,TechnicalError,Branch,3,119,14/09/2023,569.89,CardExpired,CallCenter,1,102,29/10/2023,7240.19,TechnicalError,App,3,178,13/12/2023,4997.7,TechnicalError,CallCenter,2,70,,,133,17/11/2024,183,09/01/2025,,,,
300928,18/09/1956,69,Male,54957,6,Low,4,1,Expired,25/11/2022,69.84,TechnicalError,App,3,64,09/01/2023,7112.33,CardExpired,CallCenter,1,13,23/02/2023,9373.24,InsufficientFunds,Branch,2,155,,,,,,,,,,,,,,,,,,,126,05/05/2024,,
300929,21/12/1997,29,Male,12067,3,High,3,0,Blocked,05/01/2016,6580.05,CardExpired,Branch,1,179,19/02/2016,6589.67,InsufficientFunds,Branch,2,149,,,,,,,,,,,,,,,,,,,126,09/05/2025,,,146,03/12/2025,111,20/02/2025,,
300930,18/09/1964,62,Other,19180,6,High,3,1,Blocked,15/12/2022,8517.25,CardExpired,Branch,3,13,29/01/2023,5264.92,TechnicalError,Branch,1,49,15/03/2023,4592.41,TechnicalError,CallCenter,2,122,29/04/2023,5554.24,CardExpired,Branch,3,37,13/06/2023,2998.75,CardExpired,App,2,78,183,30/08/2025,113,19/02/2026,101,09/06/2025,,,163,01/11/2025
300931,07/09/1973,52,Male,68368,2,Medium,1,1,Active,03/09/2021,3597.34,InsufficientFunds,Branch,3,110,18/10/2021,4827.57,InsufficientFunds,App,1,92,,,,,,,,,,,,,,,,,,,,,,,169,11/08/2024,153,08/12/2024,149,21/10/2024
300932,26/09/1965,60,Other,57340,6,Medium,4,1,Expired,07/12/2022,7495.78,TechnicalError,Branch,1,47,21/01/2023,7393.39,TechnicalError,CallCenter,1,115,,,,,,,,,,,,,,,,,,,105,27/08/2025,,,183,24/11/2024,143,13/03/2025,,
300933,24/02/1956,70,Female,29264,5,Low,1,0,Expired,31/03/2022,6832.18,InsufficientFunds,App,1,163,15/05/2022,2635.13,CardExpired,Branch,3,89,,,,,,,,,,,,,,,,,,,112,05/08/2025,,,,,120,06/10/2025,,
300934,26/04/1976,49,Female,55915,9,Medium,3,1,Expired,01/06/2022,2648.26,InsufficientFunds,CallCenter,2,108,,,,,,,,,,,,,,,,,,,,,,,,,150,30/04/2025,,,,,,,,
300935,01/09/1972,53,Female,90576,7,High,2,1,Expired,01/01/2015,6473.99,CardExpired,Branch,2,129,15/02/2015,7605.71,CardExpired,Branch,1,11,01/04/2015,6723.72,InsufficientFunds,App,2,126,16/05/2015,1066.84,CardExpired,CallCenter,1,22,,,,,,,,,,,,,,,,
300936,14/04/1971,54,Male,48946,3,Low,4,0,Active,29/09/2016,1208.49,TechnicalError,App,1,69,13/11/2016,5609.83,TechnicalError,App,3,146,,,,,,,,,,,,,,,,,,,116,31/08/2024,,,108,06/01/2025,143,11/07/2024,108,16/01/2025
300937,26/06/1970,55,Male,60538,6,High,3,0,Active,19/07/2023,4183.92,InsufficientFunds,App,3,132,02/09/2023,974.42,TechnicalError,CallCenter,1,164,,,,,,,,,,,,,,,,,,,163,21/08/2024,,,,,,,,
300938,14/01/1990,35,Other,45112,4,High,4,0,Active,13/08/2023,7787.34,CardExpired,App,1,130,27/09/2023,1511.65,TechnicalError,App,2,139,11/11/2023,7398.27,TechnicalError,App,2,9,26/12/2023,747.45,CardExpired,App,1,62,09/02/2024,3567.66,CardExpired,App,1,32,,,,,108,27/12/2024,,,,
300939,01/01/1991,34,Female,50139,1,Medium,4,0,Active,10/01/2025,5608,TechnicalError,App,1,34,,,,,,,,,,,,,,,,,,,,,,,,,,,,,105,30/12/2024,,,,
300940,20/08/1946,80,Female,36402,9,High,1,0,Blocked,14/09/2017,2053.95,TechnicalError,Branch,2,77,29/10/2017,5921.67,CardExpired,Branch,1,5,13/12/2017,566.17,TechnicalError,App,3,88,,,,,,,,,,,,,,,,,,,197,06/08/2025,171,19/04/2025
300941,25/11/1965,60,Male,21719,5,Low,2,1,Blocked,24/04/2015,3275.54,InsufficientFunds,CallCenter,1,163,08/06/2015,5249.09,TechnicalError,CallCenter,2,118,23/07/2015,2937.9,CardExpired,App,3,24,06/09/2015,7239.67,TechnicalError,CallCenter,1,9,,,,,,,117,07/07/2024,,,,,,,,
300942,05/10/1981,44,Female,73218,2,Medium,1,0,Blocked,21/09/2018,6624.3,CardExpired,Branch,2,142,05/11/2018,5039.75,InsufficientFunds,CallCenter,1,62,20/12/2018,2337.01,InsufficientFunds,CallCenter,1,135,03/02/2019,9566.23,TechnicalError,App,3,32,,,,,,,167,09/06/2024,167,13/09/2024,105,10/01/2025,159,26/03/2024,,
300943,19/09/1953,72,Female,29589,7,Low,1,1,Blocked,28/02/2018,9250.62,TechnicalError,CallCenter,1,139,14/04/2018,9628.28,TechnicalError,Branch,2,149,29/05/2018,5509.78,CardExpired,App,3,81,13/07/2018,6738.56,CardExpired,CallCenter,3,129,27/08/2018,9049.76,CardExpired,Branch,2,176,,,,,147,03/06/2025,159,19/09/2024,114,19/12/2024
300944,26/05/2005,20,Male,73975,8,Low,2,0,Blocked,17/05/2016,2418.44,InsufficientFunds,CallCenter,3,172,01/07/2016,6667.61,InsufficientFunds,App,3,22,15/08/2016,7080.7,CardExpired,App,3,31,29/09/2016,5761.87,CardExpired,CallCenter,1,145,,,,,,,137,02/09/2025,131,02/06/2025,,,,,118,27/07/2025
300945,09/09/2002,24,Other,72141,7,Medium,3,1,Expired,13/11/2021,3633,TechnicalError,App,3,175,28/12/2021,3548.37,TechnicalError,App,1,149,11/02/2022,2665.2,TechnicalError,Branch,3,26,28/03/2022,8252.57,CardExpired,CallCenter,3,130,,,,,,,,,,,191,04/04/2025,,,185,06/04/2025
300946,06/07/1941,84,Male,38246,9,Low,2,0,Expired,13/10/2019,4434.87,InsufficientFunds,Branch,2,1,27/11/2019,5622.59,CardExpired,App,3,94,,,,,,,,,,,,,,,,,,,,,,,,,151,16/08/2024,,
300947,12/04/1981,45,Other,75755,5,High,4,0,Blocked,29/08/2016,4927.63,InsufficientFunds,CallCenter,3,103,13/10/2016,3668.13,TechnicalError,CallCenter,2,127,27/11/2016,7562.23,TechnicalError,Branch,1,15,,,,,,,,,,,,,,,,,,,194,15/05/2025,,
300948,02/10/1988,37,Female,79581,9,Medium,4,1,Active,24/11/2022,4017.29,CardExpired,CallCenter,3,2,,,,,,,,,,,,,,,,,,,,,,,,,,,187,04/02/2025,,,,,,
300949,10/07/1969,56,Male,78455,1,Medium,2,1,Expired,19/07/2020,6470.28,CardExpired,CallCenter,1,54,02/09/2020,1198.76,InsufficientFunds,CallCenter,3,143,,,,,,,,,,,,,,,,,,,173,12/11/2024,150,17/07/2025,,,,,,
300950,15/07/1972,54,Other,78415,4,Medium,4,0,Blocked,30/10/2024,203.51,InsufficientFunds,Branch,3,6,14/12/2024,6956.66,CardExpired,CallCenter,1,139,28/01/2025,4799.4,CardExpired,Branch,2,123,14/03/2025,8285.91,CardExpired,Branch,2,36,,,,,,,,,141,31/08/2025,145,14/05/2025,,,159,29/07/2025
300951,09/05/1975,50,Other,79363,9,Medium,2,0,Active,08/04/2024,2154.47,CardExpired,App,3,114,23/05/2024,5981.58,TechnicalError,App,3,159,,,,,,,,,,,,,,,,,,,,,143,14/05/2024,,,173,08/01/2025,152,11/09/2024
300952,02/11/1963,62,Other,32433,5,Medium,4,1,Blocked,06/09/2020,628.27,TechnicalError,Branch,2,62,21/10/2020,9895.49,TechnicalError,CallCenter,2,34,05/12/2020,6795.57,InsufficientFunds,CallCenter,1,171,19/01/2021,5880.64,TechnicalError,App,1,103,,,,,,,,,,,151,10/07/2024,,,133,09/09/2024
300953,23/09/1989,36,Other,47055,4,Low,3,1,Active,06/06/2015,2480.22,InsufficientFunds,CallCenter,2,67,,,,,,,,,,,,,,,,,,,,,,,,,,,,,,,120,06/01/2025,,
300954,21/07/1977,48,Male,52517,7,Low,3,1,Blocked,21/02/2024,8258.84,CardExpired,App,2,24,06/04/2024,5176.48,CardExpired,App,1,115,21/05/2024,7409.43,CardExpired,CallCenter,3,172,05/07/2024,5044.04,TechnicalError,CallCenter,3,173,,,,,,,,,,,,,,,,
300955,02/09/1960,66,Other,95403,3,Low,2,0,Expired,04/07/2021,3650.88,TechnicalError,App,2,1,18/08/2021,669.25,CardExpired,App,2,106,02/10/2021,7831.21,CardExpired,Branch,2,44,16/11/2021,1014.83,TechnicalError,App,2,53,31/12/2021,6375.92,TechnicalError,Branch,1,157,,,,,193,09/02/2026,159,27/06/2025,,
300956,09/05/1996,29,Male,48073,9,High,4,1,Active,22/02/2019,5208.32,TechnicalError,CallCenter,1,90,08/04/2019,3328.03,CardExpired,Branch,2,1,23/05/2019,7384.25,InsufficientFunds,Branch,3,160,,,,,,,,,,,,,,,109,04/02/2025,199,25/05/2025,161,12/09/2025,,
300957,21/04/1972,53,Other,22250,8,Medium,3,1,Active,28/01/2024,8512.86,CardExpired,CallCenter,1,77,13/03/2024,3316.74,TechnicalError,App,1,159,27/04/2024,217.56,TechnicalError,CallCenter,3,63,11/06/2024,6223.57,CardExpired,Branch,1,6,,,,,,,102,10/02/2025,165,02/11/2025,120,16/03/2025,,,168,19/09/2025
300958,23/11/1965,60,Other,51078,3,Medium,4,1,Active,20/10/2024,4773.1,TechnicalError,App,1,38,04/12/2024,940.48,TechnicalError,Branch,3,179,18/01/2025,5769.65,CardExpired,Branch,1,77,04/03/2025,5550.76,InsufficientFunds,Branch,3,131,,,,,,,114,16/01/2025,,,163,20/12/2025,,,132,03/02/2025
300959,21/12/1947,78,Other,32296,3,Medium,3,1,Expired,29/05/2024,4711.7,TechnicalError,CallCenter,1,63,13/07/2024,6339.18,TechnicalError,Branch,2,89,27/08/2024,7604.44,InsufficientFunds,Branch,2,151,11/10/2024,1545.64,TechnicalError,Branch,3,107,,,,,,,,,,,,,,,,
300960,18/10/2007,18,Other,54738,4,Low,1,0,Active,18/01/2024,6616.45,InsufficientFunds,CallCenter,1,28,03/03/2024,6293.43,TechnicalError,CallCenter,2,107,,,,,,,,,,,,,,,,,,,136,21/07/2024,,,,,162,10/03/2025,162,23/06/2024
300961,20/06/1956,69,Male,49534,5,Medium,3,1,Active,22/02/2024,8797.17,TechnicalError,Branch,1,126,07/04/2024,4939.99,TechnicalError,Branch,3,131,22/05/2024,2642.92,InsufficientFunds,CallCenter,3,62,06/07/2024,3457.27,CardExpired,App,1,55,20/08/2024,6086.23,InsufficientFunds,App,1,108,,,114,12/05/2024,,,170,06/12/2024,,
300962,11/07/1980,45,Male,23973,5,High,2,0,Active,08/09/2024,318.66,InsufficientFunds,App,1,53,23/10/2024,4191.24,CardExpired,App,2,167,07/12/2024,9571.89,CardExpired,App,3,89,,,,,,,,,,,,,145,27/12/2024,,,193,31/12/2024,,,,
300963,08/06/1992,33,Other,73304,2,High,3,1,Expired,11/01/2024,4888.86,TechnicalError,App,1,55,25/02/2024,5511.77,InsufficientFunds,CallCenter,3,47,10/04/2024,4656.72,CardExpired,App,3,101,25/05/2024,173.81,TechnicalError,App,3,83,09/07/2024,2114.11,InsufficientFunds,App,2,148,138,12/08/2024,,,117,22/03/2025,100,07/07/2024,,
300964,23/01/1986,39,Male,33494,8,High,4,0,Expired,08/08/2021,9409.47,TechnicalError,Branch,1,155,,,,,,,,,,,,,,,,,,,,,,,,,,,,,163,03/05/2025,,,,
300965,19/05/1998,27,Female,18782,9,High,1,0,Blocked,24/12/2019,4839.65,TechnicalError,CallCenter,3,129,07/02/2020,5564.47,InsufficientFunds,CallCenter,2,40,23/03/2020,8751.69,TechnicalError,App,2,160,07/05/2020,5627.01,CardExpired,App,3,171,21/06/2020,740.64,InsufficientFunds,Branch,1,131,185,25/07/2025,183,05/10/2024,,,,,,
300966,06/07/1969,56,Male,50477,7,Medium,2,1,Expired,27/07/2015,8535.26,InsufficientFunds,Branch,3,77,10/09/2015,9161.59,TechnicalError,Branch,2,81,25/10/2015,8174.34,CardExpired,App,2,31,09/12/2015,3770,TechnicalError,Branch,3,170,,,,,,,,,,,,,,,120,06/12/2024
300967,08/02/1999,26,Female,23532,7,High,2,1,Active,26/07/2020,9694.71,TechnicalError,CallCenter,3,177,,,,,,,,,,,,,,,,,,,,,,,,,186,22/04/2024,,,118,27/07/2024,135,27/05/2024,,
300968,09/07/1987,38,Female,85713,1,Low,4,1,Blocked,11/06/2021,660.31,TechnicalError,App,2,39,26/07/2021,491.11,InsufficientFunds,App,2,46,09/09/2021,8320.74,TechnicalError,Branch,1,107,24/10/2021,4940.37,CardExpired,App,3,154,08/12/2021,4116.19,TechnicalError,CallCenter,1,176,,,,,,,,,,
300969,25/01/1991,35,Male,82558,8,Medium,3,1,Blocked,11/08/2019,653.23,TechnicalError,App,3,90,25/09/2019,4809.97,TechnicalError,App,2,105,09/11/2019,6546.28,TechnicalError,App,2,179,24/12/2019,6422.64,CardExpired,CallCenter,1,171,,,,,,,180,22/04/2026,,,124,30/03/2026,,,,
300970,14/01/1994,31,Male,58552,1,Low,3,0,Active,07/12/2017,2683.62,InsufficientFunds,App,2,147,,,,,,,,,,,,,,,,,,,,,,,,,196,13/07/2024,,,160,15/11/2024,128,28/02/2024,,
300971,23/06/1975,50,Female,71964,5,Medium,3,0,Active,13/02/2023,6819.94,TechnicalError,CallCenter,1,70,30/03/2023,8304.67,TechnicalError,CallCenter,1,80,,,,,,,,,,,,,,,,,,,,,162,19/09/2024,143,16/01/2025,,,187,15/05/2024
300972,24/08/1972,53,Male,18621,5,High,1,1,Expired,21/06/2020,8686.14,InsufficientFunds,CallCenter,3,100,05/08/2020,607.97,CardExpired,Branch,3,101,19/09/2020,6605.66,CardExpired,CallCenter,2,19,03/11/2020,9662.1,CardExpired,CallCenter,3,147,,,,,,,149,30/09/2025,,,,,,,179,19/12/2024
300973,17/06/1966,59,Other,15800,1,Low,1,1,Expired,06/07/2022,5539.94,TechnicalError,Branch,3,123,20/08/2022,8741.52,CardExpired,App,2,41,04/10/2022,5580.63,TechnicalError,CallCenter,2,107,,,,,,,,,,,,,155,25/03/2024,,,,,,,144,26/09/2024
300974,05/05/1956,69,Other,86584,3,Medium,4,0,Active,07/01/2017,8941.77,CardExpired,CallCenter,1,154,,,,,,,,,,,,,,,,,,,,,,,,,,,,,140,03/09/2024,,,,
300975,21/09/1982,43,Other,25640,1,High,4,1,Expired,16/05/2022,1986.4,CardExpired,CallCenter,1,41,30/06/2022,3876.53,InsufficientFunds,CallCenter,3,69,,,,,,,,,,,,,,,,,,,,,,,,,166,21/10/2024,143,24/12/2024
300976,26/04/2008,18,Male,15027,8,Low,1,0,Active,01/11/2023,4972.53,InsufficientFunds,CallCenter,2,16,,,,,,,,,,,,,,,,,,,,,,,,,140,19/03/2025,184,24/08/2025,189,20/07/2025,,,,
300977,13/05/1993,33,Male,11000,6,Medium,2,1,Expired,24/01/2020,2350.17,InsufficientFunds,App,1,80,09/03/2020,3218.16,InsufficientFunds,Branch,1,84,,,,,,,,,,,,,,,,,,,,,,,163,10/08/2025,,,,
300978,01/07/1995,31,Female,16979,2,Low,2,0,Blocked,26/11/2024,1873.71,TechnicalError,CallCenter,2,45,,,,,,,,,,,,,,,,,,,,,,,,,,,,,,,198,28/01/2026,103,16/09/2025
300979,13/07/1958,68,Other,99062,8,High,3,0,Blocked,12/01/2023,7469.48,CardExpired,Branch,3,146,26/02/2023,3486.1,TechnicalError,CallCenter,3,8,,,,,,,,,,,,,,,,,,,,,,,102,08/04/2025,159,28/03/2025,,
300980,25/09/2002,23,Male,91340,8,High,2,1,Blocked,20/03/2021,8928.4,CardExpired,CallCenter,2,41,,,,,,,,,,,,,,,,,,,,,,,,,101,15/05/2025,,,,,182,24/08/2024,,
300981,09/10/2001,25,Other,11658,4,Medium,2,1,Blocked,28/07/2023,4563.74,InsufficientFunds,App,2,70,11/09/2023,2500.09,InsufficientFunds,Branch,3,42,26/10/2023,2900.65,InsufficientFunds,App,2,153,10/12/2023,7499.82,CardExpired,CallCenter,1,97,24/01/2024,7449.41,CardExpired,Branch,2,140,,,,,,,197,11/07/2025,,
300982,11/02/1956,70,Other,85162,3,Medium,2,1,Expired,29/09/2023,8652.36,InsufficientFunds,CallCenter,3,130,13/11/2023,8882.02,TechnicalError,App,1,136,28/12/2023,8695.59,TechnicalError,CallCenter,3,106,11/02/2024,6653.33,CardExpired,App,3,152,27/03/2024,2398.75,InsufficientFunds,Branch,1,45,151,09/12/2025,,,160,04/03/2026,,,190,19/02/2026
300983,12/02/1941,84,Other,50236,1,Low,1,1,Expired,23/12/2024,2155.1,TechnicalError,Branch,1,179,06/02/2025,9382.35,TechnicalError,CallCenter,2,55,23/03/2025,4395.41,InsufficientFunds,Branch,3,140,07/05/2025,4652.05,InsufficientFunds,App,2,177,,,,,,,123,29/07/2025,,,,,,,160,01/08/2025
300984,12/11/1977,48,Male,99898,4,Medium,2,1,Blocked,23/11/2018,1944.6,InsufficientFunds,Branch,1,125,07/01/2019,9078.09,InsufficientFunds,App,1,155,21/02/2019,6248.24,InsufficientFunds,Branch,3,144,,,,,,,,,,,,,,,104,07/05/2025,,,,,,
300985,01/09/1977,49,Male,42900,2,High,3,1,Active,14/12/2022,1515.88,TechnicalError,App,3,40,,,,,,,,,,,,,,,,,,,,,,,,,,,,,,,184,02/03/2026,178,10/02/2026
300986,14/09/2004,21,Female,27273,5,High,1,0,Expired,24/08/2022,3169.43,TechnicalError,CallCenter,1,30,08/10/2022,8240.48,InsufficientFunds,CallCenter,1,90,22/11/2022,674.61,TechnicalError,CallCenter,2,13,06/01/2023,9712.56,CardExpired,CallCenter,3,50,20/02/2023,4175.97,TechnicalError,CallCenter,3,31,105,31/03/2025,,,,,,,,
300987,25/01/1987,38,Male,92880,8,High,2,1,Blocked,25/12/2019,4353.11,CardExpired,App,1,92,08/02/2020,2794.11,CardExpired,App,3,27,24/03/2020,783.04,CardExpired,Branch,1,52,08/05/2020,4672.8,CardExpired,CallCenter,2,169,22/06/2020,5320.74,TechnicalError,Branch,3,104,,,,,,,,,,
300988,18/04/1980,46,Male,73023,1,Medium,4,1,Blocked,18/11/2019,1212.96,TechnicalError,Branch,1,36,02/01/2020,1779.23,CardExpired,CallCenter,3,97,16/02/2020,2280.2,InsufficientFunds,App,3,65,01/04/2020,325.66,CardExpired,App,3,12,,,,,,,,,,,,,,,159,03/02/2025
300989,03/12/1979,46,Male,33523,9,High,1,1,Expired,04/05/2021,3576.28,InsufficientFunds,CallCenter,1,42,18/06/2021,2042.69,TechnicalError,App,1,28,02/08/2021,7607.92,InsufficientFunds,Branch,3,92,16/09/2021,3809.6,TechnicalError,CallCenter,3,155,31/10/2021,603.9,CardExpired,CallCenter,2,68,,,,,,,,,126,10/10/2024
300990,11/06/1977,48,Female,28411,7,Medium,3,1,Expired,03/12/2024,9761.09,TechnicalError,Branch,1,122,17/01/2025,5690.48,InsufficientFunds,CallCenter,1,55,,,,,,,,,,,,,,,,,,,154,19/04/2024,172,27/11/2024,184,28/10/2024,116,03/06/2024,114,14/08/2024
300991,19/11/1943,82,Female,10833,4,High,4,1,Expired,28/03/2025,1604.87,InsufficientFunds,Branch,2,70,12/05/2025,8847.83,InsufficientFunds,CallCenter,3,80,26/06/2025,5788.06,InsufficientFunds,Branch,3,133,10/08/2025,3258.63,TechnicalError,CallCenter,1,73,24/09/2025,9176.53,InsufficientFunds,CallCenter,2,134,,,,,,,,,191,30/08/2025
300992,24/06/2005,21,Male,80886,9,Low,4,0,Blocked,10/01/2023,1563.79,InsufficientFunds,CallCenter,1,167,24/02/2023,5277.68,CardExpired,CallCenter,2,126,10/04/2023,5010.13,TechnicalError,CallCenter,3,123,25/05/2023,9198.86,CardExpired,Branch,1,163,09/07/2023,3721.81,InsufficientFunds,Branch,3,173,,,,,,,156,24/12/2025,123,25/07/2025
300993,09/01/1988,38,Other,99004,3,Low,3,1,Active,24/03/2025,6963.34,TechnicalError,Branch,1,83,,,,,,,,,,,,,,,,,,,,,,,,,176,07/08/2025,,,167,17/09/2025,,,,
300994,06/06/1999,26,Other,22977,8,High,2,1,Blocked,04/06/2018,5612.35,TechnicalError,CallCenter,2,26,19/07/2018,646.78,CardExpired,Branch,1,137,,,,,,,,,,,,,,,,,,,,,,,,,,,,
300995,23/03/1999,26,Male,59216,1,Low,3,1,Blocked,25/11/2021,746.76,TechnicalError,CallCenter,3,89,09/01/2022,3802,TechnicalError,Branch,1,126,23/02/2022,7455.21,TechnicalError,CallCenter,2,43,09/04/2022,4389.55,CardExpired,CallCenter,2,86,24/05/2022,7906.14,CardExpired,App,1,61,132,20/12/2024,,,,,,,,
300996,06/11/1964,61,Other,63098,4,Low,3,0,Blocked,24/05/2018,691.55,InsufficientFunds,Branch,1,58,08/07/2018,8167.13,CardExpired,App,2,96,22/08/2018,7753.83,InsufficientFunds,Branch,3,77,06/10/2018,6707.08,InsufficientFunds,Branch,2,4,,,,,,,,,,,123,17/11/2024,,,183,31/07/2024
300997,17/04/1999,27,Other,93160,8,Medium,1,1,Active,11/10/2016,4983.63,CardExpired,CallCenter,3,106,25/11/2016,6905.59,InsufficientFunds,App,2,142,,,,,,,,,,,,,,,,,,,,,,,119,23/04/2025,197,06/04/2026,,
300998,27/03/2003,22,Female,33040,4,Medium,3,1,Active,04/06/2024,7833.86,CardExpired,App,2,61,19/07/2024,8039.18,CardExpired,App,1,37,02/09/2024,9685.7,TechnicalError,Branch,3,152,,,,,,,,,,,,,179,08/04/2025,159,18/01/2025,113,22/07/2025,174,03/06/2025,109,10/06/2025
300999,19/06/1945,80,Female,38470,5,Low,2,1,Expired,11/02/2022,196.06,InsufficientFunds,Branch,1,122,28/03/2022,515.27,CardExpired,CallCenter,3,73,12/05/2022,5781.15,TechnicalError,Branch,3,108,26/06/2022,61.27,InsufficientFunds,App,1,115,,,,,,,,,,,180,23/01/2025,,,,
